,X,Site,Elevation,Habitat,degree,species.strength,nestedrank,PDI,resource.range,PSI,betweenness,weighted.betweenness,closeness,weighted.closeness,effective.partners,proportional.similarity,d,BIRD_SP,Clase,Order,Family,Genus,species,X.y,wing,kipp,blength,bwidth,bheight,tail,tailgrad,tarsus,saggital,lateral,BodyMass,Abundance,rlq1,rlq2,rlq1W,rlq2W
1,Cac_uro,Bombuscaro,1000,A_Nat,3,0.055705156698833,0.46,0.96,0.92,0.01461216023095,0.011323229482678,0,0.02098976109215,0.002636682954808,2.82842712474619,0.437024972855592,0.163363961396287,Cacicus_uropygialis,Bird,Passeriformes,Icteridae,Cacicus,uropygialis,23,140.325,27.275,32.89,12.34,13.3275,109.075,19,29.615,3.8625,2.3325,61.65,19,2.01661380574877,-2.15105450187654,-0.968729157930257,-1.12225962226048
2,Cat_ust,Bombuscaro,1000,A_Nat,5,0.477936125974418,0.26,0.990857142857143,0.84,0.10172627843561,0.030871747456393,0.00209753539591,0.021501706484642,0.013904914048601,1.99998899420382,0.482766457086584,0.235881134319004,Catharus_ustulatus,Bird,Passeriformes,Turdidae,Catharus,ustulatus,27,100,31.75,19.8175,9.45,5.1875,68.25,-0.25,26.9475,2.075,1.24,30.3,13,2.02393376746345,0.158113192799105,-0.179177252975778,-0.073958579592431
3,Cha_gou,Bombuscaro,1000,A_Nat,1,0.666666666666667,0.78,1,1,0.666666666666667,0,0,0.011348122866894,0.001147879919222,1,0.001628664495114,0.93440728928606,Chamaepetes_goudotii,Bird,Non-passeriformes,Cracidae,Chamaepetes,goudotii,31,250.25,62.05,37.23,17.13,13.6525,236.6,40.675,72.3175,7.715,5.8275,729,1,12.2696506201507,-9.58996606051513,-4.42607690615638,0.465581518050169
4,Chl_cal,Bombuscaro,1000,A_Nat,8,0.296652985120641,0.14,0.913333333333333,0.72,0.038958837409782,0.045277769436737,0,0.023549488054608,0.010238662030216,5.85547976360242,0.66869535402023,0.083376756702233,Chlorochrysa_calliparaea,Bird,Passeriformes,Thraupidae,Chlorochrysa,calliparaea,33,70.625,17.25,14.67,7.495,5.965,42.375,-0.625,17.5125,1.9,1.1125,17,14,-0.080569556597152,0.519885860318604,0.755789531314141,0.101967645910517
5,Chl_can,Bombuscaro,1000,A_Nat,6,2.36301485856593,0.22,0.96,0.8,0.158983648589252,0.03092291449162,0.025170424750918,0.02278156996587,0.008639326448197,3.88299699780442,0.32347782510649,0.331952716023233,Chlorospingus_canigularis,Bird,Passeriformes,Thraupidae,Chlorospingus,canigularis,35,67,11.35,11.35,7.25,5.075,57.675,0,19.225,1.875,1.325,18,2,-0.853470528111595,0.548532721988708,1.09675377205749,0.215152341718194
6,Chl_fla,Bombuscaro,1000,A_Nat,12,4.04906080820924,0.06,0.884444444444444,0.56,0.292741780340723,0.066264208631837,0.508127949659151,0.024061433447099,0.016026479397695,7.19795790725702,0.721193319890388,0.175908847567532,Chlorospingus_flavigularis,Bird,Passeriformes,Thraupidae,Chlorospingus,flavigularis,38,77.525,12.25,16.99,9.3025,7.405,59,-4.2,20.7,2.2625,1.3325,25.6,49,-0.493265927912745,-0.453274497458194,0.57728038022813,-0.268274452241326
7,Chl_spi,Bombuscaro,1000,A_Nat,4,0.188283181854111,0.38,0.94,0.88,0.039818798532984,0.021751568482359,0,0.02278156996587,0.003123297376419,3.789291416276,0.361237785016287,0.197805148886892,Chlorophanes_spiza,Bird,Passeriformes,Thraupidae,Chlorophanes,spiza,45,68.125,15.75,17.45,7.7875,5.68,46.75,-1.375,16.4275,2.16,1.3,19,3,-0.212334765553416,0.137842383255571,0.657438039538069,-0.114552796545468
8,Coe_fla,Bombuscaro,1000,A_Nat,4,0.208461331825818,0.36,0.933333333333333,0.88,0.062153942995065,0.021293625984973,0,0.020392491467577,0.004501716838339,3.74674829750099,0.303474484256243,0.342527725807624,Coereba_flaveola,Bird,Passeriformes,Coerebidae,Coereba,flaveola,48,57.75,11,13.6575,5.31,4.85,35,2.5,16.4875,1.82,1.0275,10.06,1,-1.08418645836709,0.939515428803438,1.28765627586797,0.218751857119749
9,Col_sub,Bombuscaro,1000,A_Nat,1,0.028571428571429,0.86,1,1,0.028571428571429,0,0,0.014761092150171,0.000756465387784,1,0.01900108577633,0.460630455020108,Patagioenas_subvinacea,Bird,Non-passeriformes,Columbidae,Patagioenas,subvinacea,53,156.375,54.375,18.97,7.0675,6.7775,121,-24.25,20.29,3.8025,3.0275,163,1,5.78741632692355,0.403628766035522,-0.877420612414098,0.930007293539489
10,Dac_cay,Bombuscaro,1000,A_Nat,2,0.035961941622319,0.56,0.96,0.96,0.01798097081116,0.001729651582014,0,0.017320819112628,0.002639913963054,2,0.121064060803474,0.294451571732568,Dacnis_cayana,Bird,Passeriformes,Thraupidae,Dacnis,cayana,63,62.75,15.375,16.2975,7.6625,5.2225,42.75,0,15.12,1.7325,1.09,13,3,-0.325885248983364,0.308440475170213,0.742638856544267,-0.055690628014213
11,Dac_lin,Bombuscaro,1000,A_Nat,5,0.270821725685,0.28,0.929411764705882,0.84,0.073697987819049,0.024867520237118,0,0.023037542662116,0.011029827115116,3.49608191533396,0.545429343682861,0.181919004349976,Dacnis_lineata,Bird,Passeriformes,Thraupidae,Dacnis,lineata,66,58.5,14.375,13.585,7.27,4.8625,41.5,-2.5,13.5925,1.64,0.9625,11,4,-0.514597594671054,0.592923191155262,0.9307907851294,0.118474085395851
12,Dix_pip,Bombuscaro,1000,A_Nat,4,0.117317767750443,0.34,0.98875,0.88,0.041027702135858,0.016782494544114,0,0.022525597269625,0.011161003737938,2.09198002721092,0.556804639707635,0.125167974183566,Pipra_pipra,Bird,Passeriformes,Pipridae,Pipra,pipra,76,64.025,10.075,13.5475,8.77,5.085,27.125,0,13.5175,1.3425,0.9075,11.15,5,-0.947423637120122,0.008072108161525,0.877436981513838,-0.090055673142776
13,Eub_bou,Bombuscaro,1000,A_Nat,2,0.050992322178763,0.58,0.96,0.96,0.025496161089381,0.002968414459556,0,0.016040955631399,0.00261226502665,2,0.095548317046688,0.345871599412106,Eubucco_bourcierii,Bird,Non-passeriformes,Ramphastidae,Eubucco,bourcierii,82,71.75,18.025,21.6,13.25,8.6,50.575,20.85,22.225,2.05,1.4,37,3,0.637244338419277,-1.67283671158626,-0.309429693878837,-0.753458172738977
14,Eup_lan,Bombuscaro,1000,A_Nat,2,0.166295707472178,0.5,0.991111111111111,0.96,0.061193814134991,0.005577427821522,0,0.018344709897611,0.005685790162347,1.60663079608635,0.109663409337676,0.416779419750881,Euphonia_laniirostris,Bird,Passeriformes,Thraupidae,Euphonia,laniirostris,84,61.5,14.25,12.22,7.7325,6.1675,33.875,6.25,13.8575,1.73,0.9325,15,4,-0.474010726753046,0.528869429604876,0.917440280790564,0.167962511735542
15,Eup_xan,Bombuscaro,1000,A_Nat,9,1.37464477429946,0.12,0.97025641025641,0.68,0.089645751897117,0.06002856925936,0,0.023805460750853,0.012495536050209,3.67082260038269,0.614293926039471,0.154388264617209,Euphonia_xanthogaster,Bird,Passeriformes,Thraupidae,Euphonia,xanthogaster,86,60.75,13.25,11.6925,7.4,5.755,33.5,-1.75,14.265,1.585,1.0275,13,11,-0.643279047361426,0.62980598314441,1.01614371162195,0.205066971301222
16,Hem_fro,Bombuscaro,1000,A_Nat,1,0.058823529411765,0.88,1,1,0.058823529411765,0,0,0.013993174061433,0.000758476226523,1,0.009229098805646,0.570183012806239,Hemispingus_frontalis,Bird,Passeriformes,Thraupidae,Hemispingus,frontalis,88,75,11,66,5,15.37,6.64,6.81,20.63,1.85,1.46,17,1,-0.684562155017388,-3.08919175314731,-0.648706819389969,-2.89595333731198
17,Hem_sup,Bombuscaro,1000,A_Nat,1,0.005405405405405,0.9,1,1,0.005405405405405,0,0,0.018088737201365,0.000759745716925,1,0.10043431053203,0.208037891843967,Hemispingus_superciliaris,Bird,Passeriformes,Thraupidae,Hemispingus,superciliaris,92,68.95,10.95,15.16,6.91,5.5225,59.25,0.7,19.735,1.845,1.115,14,15,-0.934299283321726,0.368293707445817,1.01966361803057,-0.002381200195554
18,Het_xan,Bombuscaro,1000,A_Nat,1,0.005405405405405,0.92,1,1,0.005405405405405,0,0,0.018088737201365,0.000759745716925,1,0.10043431053203,0.208037891843967,Heterospingus_xanthopygius,Bird,Passeriformes,Thraupidae,Heterospingus,xanthopygius,95,63,12.33333333,14.40666667,6.74,5.74,49.5,2.666666667,15.26333333,1.9,1.1,38.8,1,-0.572818202811254,0.255468844488963,0.966900212533705,0.143769698163913
19,Iri_pul,Bombuscaro,1000,A_Nat,1,0.004115226337449,0.76,1,1,0.004115226337449,0,0,0.020221843003413,0.002099770884737,1,0.395765472312704,0.062802524614084,Iridophanes_pulcherrimus,Bird,Passeriformes,Thraupidae,Iridophanes,pulcherrimus,100,64.45,14.65,18.8625,7.6925,4.9325,39.125,1.4,16.2725,1.88,1.1475,15.3,3,-0.377924804270518,0.043187700826713,0.660431461213448,-0.221137862505806
20,Lep_isi,Bombuscaro,1000,A_Nat,6,0.298413509577513,0.2,0.908,0.8,0.059212348148764,0.017195840783074,0,0.022013651877133,0.00993435923318,4.62452085367935,0.605961899121508,0.168906541307585,Lepidothrix_isidorei,Bird,Passeriformes,Pipridae,Lepidothrix,isidorei,104,50.875,10.625,10.82,5.9525,4.6875,24.4975,2.5075,14.365,1.2075,0.8975,7.8,7,-1.12426651506691,1.00159671379135,1.3292294903654,0.321625388481789
21,Lep_sup,Bombuscaro,1000,A_Nat,2,0.256230529595016,0.6,0.96,0.96,0.128115264797508,0,0,0.017320819112628,0.002652382936577,2,0.178610206297503,0.432653399430632,Leptopogon_superciliaris,Bird,Passeriformes,Tyrannidae,Leptopogon,superciliaris,107,66.525,10.875,15.8625,8.075,4.8425,61.625,-0.666666667,14.4325,1.4,0.935,11.7,37,-0.875471429762499,0.038947111390581,0.852632055123471,-0.152984853308834
22,Mac_reg,Bombuscaro,1000,A_Nat,5,0.07983849226444,0.3,0.98,0.84,0.015889272513083,0.017195840783074,0,0.022013651877133,0.007592610962089,2.94389818954517,0.625769091567137,0.069958225438991,Machaeropterus_regulus,Bird,Passeriformes,Pipridae,Machaeropterus,regulus,109,52.33333333,12,10.83,6.666666667,4.07,21,1.333333333,14.14333333,1.533333333,1.173333333,9.34,2,-0.888333853512051,0.865859761245443,1.19038144875539,0.28851244972402
23,Mya_ral,Bombuscaro,1000,A_Nat,1,0.002743484224966,0.8,1,1,0.002743484224966,0,0,0.020221843003413,0.001456969678062,1,0.395765472312704,0.045786337737206,Myadestes_ralloides,Bird,Passeriformes,Turdidae,Myadestes,ralloides,116,88.75,19.125,17.7775,12.015,5.29,77.5,4.45,20.51,2.1425,1.1325,29.1,9,0.596108727561376,-0.922105827394651,-0.025191848231909,-0.413894582600866
24,Myi_cep,Bombuscaro,1000,A_Nat,1,0.009433962264151,0.94,1,1,0.009433962264151,0,0,0.016040955631399,0.000757464173407,1,0.057546145494028,0.292525800925679,Myiarchus_cephalotes,Bird,Passeriformes,Tyrannidae,Myiarchus,cephalotes,120,88.26666667,14.1,24.74666667,10.99333333,6.325,90,10.26666667,20.18666667,1.823333333,1.323333333,28.6,8,-0.062670989692625,-1.42898509200859,0.00531829676381,-0.841258021896339
25,Par_pit,Bombuscaro,1000,A_Nat,1,0.010810810810811,0.82,1,1,0.010810810810811,0,0,0.018088737201365,0.00145796202312,1,0.10043431053203,0.26762653302753,Parula_pitiayumi,Bird,Passeriformes,Parulidae,Parula,pitiayumi,128,52.5,10.5,39.625,16.25,12.125,50.75,3.85,14.325,1.275,0.8,6.9,5,-0.218884155249108,-3.84268803469614,-1.05610004282746,-2.31595696189486
26,Pio_men,Bombuscaro,1000,A_Nat,1,0.208333333333333,0.72,1,1,0.208333333333333,0,0,0.014249146757679,0.003241992102871,1,0.013029315960912,0.715325296309054,Pionus_menstruus,Bird,Non-passeriformes,Psittacidae,Pionus,menstruus,134,149,24.375,83.5475,27.5325,27.4625,118.125,-39.75,35.1275,4.305,3.035,251,5,4.64486582752405,-12.2033644979726,-5.15761378584965,-5.0962754268007
27,Pip_ery,Bombuscaro,1000,A_Nat,6,1.35351541399482,0.24,0.925714285714286,0.8,0.089478457775879,0.016782494544114,0,0.022525597269625,0.007644707634694,4.52648076800257,0.516069489685125,0.18756850956706,Pipra_erythrocephala,Bird,Passeriformes,Pipridae,Pipra,erythrocephala,137,58.075,11.625,20,5.75,1.3655,9.1475,4.715,13.495,1.65,1.0175,13.45,2,-0.902448672399911,0.33008136520101,0.966206167604657,-0.182267170080044
28,Pip_fro,Bombuscaro,1000,A_Nat,2,0.031576448243115,0.52,0.995555555555556,0.96,0.013034188034188,0.001167467702901,0,0.020477815699659,0.005340411527049,1.38414548846169,0.42399565689468,0.128243673084713,Pipreola_frontalis,Bird,Passeriformes,Cotingidae,Pipreola,frontalis,139,88,17,17.56,13.4175,6.1625,67.875,3.75,19.4525,2.255,1.46,13.43,8,0.297397636491087,-1.1873099846118,-0.091217273236512,-0.600450587366705
29,Pla_leu,Bombuscaro,1000,A_Nat,1,0.444444444444444,0.66,1,1,0.444444444444444,0,0,0.013737201365188,0.004692589926103,1,0.009771986970684,0.842849609495305,Turdus_leucops,Bird,Passeriformes,Turdidae,Turdus,leucops,144,117.65,30.45,22.8925,11.8825,7.3225,84.125,-0.5,25.155,3.195,1.7075,62.4,1,2.3195345468758,-1.12319211890736,-0.638958562954453,-0.417768511279569
30,Psa_ang,Bombuscaro,1000,A_Nat,1,0.041152263374486,0.62,1,1,0.041152263374486,0,0,0.020221843003413,0.010200139861363,1,0.395765472312704,0.210847923806422,Psarocolius_angustifrons,Bird,Passeriformes,Icteridae,Psarocolius,angustifrons,146,209.375,53.125,50.3025,17.295,23.3325,172.625,-48.625,42.3775,5.97,4.3775,292.33,28,7.64102471582735,-6.13813359379434,-3.62041234080827,-1.56045000001414
31,Pyr_alb,Bombuscaro,1000,A_Nat,1,1,0.68,1,1,1,0,0,0,NA,1,0.003800217155266,1,Pyrrhura_albipectus,Bird,Non-passeriformes,Psittacidae,Pyrrhura,albipectus,149,146,55,17.02,10.76,20.7,109,51,12.5,2.8,4.38,104,8,5.62555333881009,0.304771579265507,-1.15572892091592,0.595941844400277
32,Rup_per,Bombuscaro,1000,A_Nat,3,0.364582287798187,0.42,0.984,0.92,0.056002447149692,0.098622047244094,0.050340849501835,0.020733788395904,0.003751521352806,2.21734745227321,0.419652551574376,0.194414443625398,Rupicola_peruvianus,Bird,Passeriformes,Cotingidae,Rupicola,peruvianus,152,189.2,22.575,33.8225,21.4875,16.2125,120.125,-8.025,36.7075,4.8425,3.93,244,18,3.58761601047514,-6.83674577499014,-2.45144078108532,-1.62118441551026
33,Sal_gro,Bombuscaro,1000,A_Nat,1,0.016949152542373,0.96,1,1,0.016949152542373,0,0,0.013993174061433,0.000756791658795,1,0.032030401737242,0.381410911752881,Saltator_grossus,Bird,Passeriformes,Cardinalidae,Saltator,grossus,155,96.625,16.45,21.7475,13.13,14.9075,84.875,-10.575,23.945,2.76,1.655,44.2,2,0.491578253887626,-1.80896404525925,-0.266532926586194,-0.76412457353489
34,Sal_max,Bombuscaro,1000,A_Nat,2,1.01234567901235,0.48,0.986666666666667,0.96,0.259259259259259,0,0,0.020221843003413,0.005099675542044,1.75476535060332,0.397394136807818,0.318900536151891,Saltator_maximus,Bird,Passeriformes,Cardinalidae,Saltator,maximus,156,94.625,15.7,22.525,12.8675,11.695,84,-5.75,23.675,3.035,1.7075,47.65,2,0.412790842411021,-1.87601115345713,-0.246447305313709,-0.793982151334071
35,Tac_cri,Bombuscaro,1000,A_Nat,1,0.048780487804878,0.84,1,1,0.048780487804878,0,0,0.015102389078498,0.001451526626214,1,0.022258414766558,0.511381246306397,Tachyphonus_cristatus,Bird,Passeriformes,Thraupidae,Tachyphonus,cristatus,159,74.75,14.325,15.8575,7.87,6.63,64.125,-1.25,16.84,2.04,1.1275,18.8,1,-0.398144027526088,0.174409711080191,0.75236562285079,-0.052887186689972
36,Tan_art,Bombuscaro,1000,A_Nat,7,0.71147881874777,0.18,0.953333333333333,0.76,0.133280039769376,0.044309621224494,0.025170424750918,0.023549488054608,0.012085423947477,4.49063875191197,0.644241209387789,0.193653483242716,Tangara_arthus,Bird,Passeriformes,Thraupidae,Tangara,arthus,164,76.75,17,14.325,8.4675,6.3925,52.625,-0.125,16.8575,2.05,1.15,22,16,-0.0042503622017,0.229838962625207,0.64083680633472,0.045653012138182
37,Tan_chi,Bombuscaro,1000,A_Nat,14,2.18735374094236,0,0.915733333333333,0.48,0.152229632126481,0.100620070399116,0.32721552176193,0.02457337883959,0.015421483803581,7.10716025921272,0.826588006132539,0.05394672726437,Tangara_chilensis,Bird,Passeriformes,Thraupidae,Tangara,chilensis,166,78.375,18.375,14.2675,7.41,5.9,55.375,1.875,16.8675,2.1375,1.205,23,28,0.101476678291347,0.558029746430623,0.731707174969779,0.169278786779274
38,Tan_chr,Bombuscaro,1000,A_Nat,8,0.282307400116331,0.16,0.915,0.72,0.036597303133129,0.044309621224494,0,0.023549488054608,0.008708839715445,6.20430534126405,0.559782844733985,0.122357958060753,Tangara_chrysotis,Bird,Passeriformes,Thraupidae,Tangara,chrysotis,168,75.25,18.625,15.2225,8.4475,6.32,45.375,2.25,17.0325,2.3125,1.4375,24,9,0.221136678668351,0.219956157792387,0.553337401019869,0.028600388920508
39,Tan_cya,Bombuscaro,1000,A_Nat,12,1.48022491260614,0.08,0.935,0.56,0.133147056662505,0.05888778693455,0.00209753539591,0.024061433447099,0.015004578798652,6.08810874050679,0.81766713199938,0.071334239353222,Tangara_cyanicollis,Bird,Passeriformes,Thraupidae,Tangara,cyanicollis,170,67.375,15.625,13.715,7.7575,5.7975,44.75,1.875,16.515,1.81,1.2075,17,13,-0.272672520758976,0.449698437312226,0.809792267639469,0.106247775552026
40,Tan_gyr,Bombuscaro,1000,A_Nat,13,2.35823491327233,0.04,0.964,0.52,0.118987146463462,0.057960023752849,0.00209753539591,0.023805460750853,0.013965793623765,6.00951609508798,0.710126292931025,0.127240248855782,Tangara_gyrola,Bird,Passeriformes,Thraupidae,Tangara,gyrola,173,74,15.375,14.5425,8.16,5.6525,49.5,0.125,16.72,2.2375,1.2825,21,9,-0.236768219900976,0.22628438961977,0.725993167214701,0.026303578887963
41,Tan_nig,Bombuscaro,1000,A_Nat,3,0.088502264750877,0.44,0.94,0.92,0.023636200017998,0.012701791800912,0,0.01962457337884,0.003161803123048,2.87174588749259,0.167209554831705,0.280309346384282,Tangara_nigrocincta,Bird,Passeriformes,Thraupidae,Tangara,nigrocincta,177,68.25,14.875,13.225,8.14,5.655,46.875,0.75,14.88666667,1.7375,1.0975,17,3,-0.343198689206876,0.354322735762025,0.803233875867328,0.08848101412969
42,Tan_niv,Bombuscaro,1000,A_Nat,1,0.012345679012346,0.64,1,1,0.012345679012346,0,0,0.020221843003413,0.005099675542044,1,0.395765472312704,0.133132166167035,Tangara_nigroviridis,Bird,Passeriformes,Thraupidae,Tangara,nigroviridis,179,70.75,10.975,11.9275,7.43,5.3375,46.375,0.75,15.245,1.6425,1.1325,17,13,-0.892075475656559,0.451667488809983,1.06648139835151,0.155199481431887
43,Tan_pun,Bombuscaro,1000,A_Nat,11,1.3805199434871,0.1,0.909787234042553,0.6,0.116659724807909,0.057129412981294,0,0.023805460750853,0.014224084473506,6.50518373776804,0.758627663877712,0.082891785866714,Tangara_punctata,Bird,Passeriformes,Thraupidae,Tangara,punctata,185,62.575,12.7,12.6125,7.1475,5.2375,43.875,0.7,15.6575,1.7425,1.06,15,6,-0.707247509830217,0.575008138810667,1.02668033507825,0.165995722976596
44,Tan_sch,Bombuscaro,1000,A_Nat,14,1.63445503111466,0.02,0.936129032258064,0.48,0.103636707057362,0.098703903669958,0.05768222338752,0.024317406143345,0.014582020532693,6.67615424670342,0.877792839271383,0.043886584056588,Tangara_schrankii,Bird,Passeriformes,Thraupidae,Tangara,schrankii,188,69.25,14.75,14.49,8.1575,5.995,40.9,0.75,16.655,2.0075,1.155,19,5,-0.332316780064895,0.224026995225343,0.752897976879658,0.01311254563988
45,Tan_xag,Bombuscaro,1000,A_Nat,5,0.156755353484325,0.32,0.92,0.84,0.030067099810091,0.019289575641429,0,0.020392491467577,0.005901725951242,4.36449454388689,0.359120521172638,0.22160327495272,Tangara_xanthogastra,Bird,Passeriformes,Thraupidae,Tangara,xanthogastra,197,60.875,11.75,13.345,6.6375,4.9675,39.25,1.166666667,14.225,1.74,1.0475,15,3,-0.857485409384632,0.604108595263051,1.09453029847448,0.148268458631434
46,Tan_xan,Bombuscaro,1000,A_Nat,1,0.001371742112483,0.98,1,1,0.001371742112483,0,0,0.020221843003413,0.000759476161304,1,0.395765472312704,0,Tangara_xanthocephala,Bird,Passeriformes,Thraupidae,Tangara,xanthocephala,199,72.625,16.125,12.845,7.305,5.5825,47.625,3,16.545,1.91,1.035,19,10,-0.231407936700515,0.633329205022703,0.879420548402209,0.21229778802898
47,Thr_epi,Bombuscaro,1000,A_Nat,1,0.027027027027027,0.74,1,1,0.027027027027027,0,0,0.018088737201365,0.003250083973708,1,0.10043431053203,0.344685352803629,Thraupis_episcopus,Bird,Passeriformes,Thraupidae,Thraupis,episcopus,209,95.75,21.625,68.75,2,17.4825,10.21,8.055,20.87,2.5175,1.4475,35,1,0.605257981060263,-2.23616459196297,-0.749845939336737,-2.55803768093242
48,Thr_pal,Bombuscaro,1000,A_Nat,2,0.022435034549953,0.54,0.96,0.96,0.011217517274977,0.003887566404326,0,0.02098976109215,0.005370682836772,2,0.570032573289902,0.08375717798428,Thraupis_palmarum,Bird,Passeriformes,Thraupidae,Thraupis,palmarum,213,97.625,21.625,18.5175,9.6175,8.0275,72.25,1.75,20.8175,2.5575,1.55,39,4,0.827471507450651,-0.360197715603306,0.149851506470704,-0.179291104624118
49,Tur_alb,Bombuscaro,1000,A_Nat,3,0.042727553536282,0.4,0.996363636363636,0.92,0.028186350395973,0.011577793039042,0,0.021757679180887,0.009064278863778,1.4114227639742,0.479098805646037,0.1414955298463,Turdus_albicollis,Bird,Passeriformes,Turdidae,Turdus,albicollis,219,111.3333333,23.16666667,26.68666667,10.73333333,7.153333333,86,-1.333333333,30.27,2.856666667,1.596666667,54,6,1.28079247290327,-1.37054289844337,-0.382777147974953,-0.70399001735534
50,Tur_flu,Bombuscaro,1000,A_Nat,1,0.00960219478738,0.7,1,1,0.00960219478738,0,0,0.020221843003413,0.004235268244497,1,0.395765472312704,0.118608487006606,Turdus_fulviventris,Bird,Passeriformes,Turdidae,Turdus,fulviventris,221,125.775,23.625,26.1025,12.6225,7.71,93.475,3,33.245,3.18,1.9875,70,1,1.60015091187013,-1.96694059898518,-0.654209051444385,-0.785648010678235
51,Tur_nig,Bombuscaro,1000,A_Nat,1,0.001371742112483,1,1,1,0.001371742112483,0,0,0.020221843003413,0.000759476161304,1,0.395765472312704,0,Turdus_nigriceps,Bird,Passeriformes,Turdidae,Turdus,nigriceps,228,107.475,22.725,22.295,10.5725,7.04,81.05,3.75,30.2675,3.0925,1.565,52.7,1,1.17266561152606,-0.997530065259279,-0.180731414922742,-0.436453404970583
52,Amm_aur,Copalinga,1000,B_Dis,2,0.002992485238862,0.586666666666667,0.952380952380952,0.952380952380952,0.001496242619431,0.007102758814622,0,0.014018691588785,0.001378081450525,2,0.617158671586716,0,Ammodramus_aurifrons,Bird,Passeriformes,Emberizidae,Ammodramus,aurifrons,1,60.875,7.125,13.9725,6.94,6.045,45,4,21.3175,2.135,1.2375,17.8,1,-0.955856092441659,0.351620686280678,0.797129861172399,-0.283618795723377
53,Arr_aur,Copalinga,1000,B_Dis,2,0.004441760601181,0.56,0.976190476190476,0.952380952380952,0.00244677044194,0.007102758814622,0,0.014018691588785,0.002053589686351,1.88988157484231,0.617158671586716,0.050915736968041,Arremon_aurantiirostris,Bird,Passeriformes,Emberizidae,Arremon,aurantiirostris,11,72,7.75,15.5575,8.7825,8.3575,58.625,9.375,25.275,2.4475,1.4225,34.5,7,-0.542682884236135,-0.11032194366731,0.198003000997414,-0.619644500833684
54,Cac_uro,Copalinga,1000,B_Dis,2,0.004535695115405,0.573333333333333,0.976190476190476,0.952380952380952,0.002540704956164,0.007102758814622,0,0.014018691588785,0.002053589686351,1.88988157484231,0.617158671586716,0.054197682579531,Cacicus_uropygialis,Bird,Passeriformes,Icteridae,Cacicus,uropygialis,23,140.325,27.275,32.89,12.34,13.3275,109.075,19,29.615,3.8625,2.3325,61.65,17,0.578973984956334,-1.24210304543124,-0.931518649204703,-0.847761283358227
55,Cat_ust,Copalinga,1000,B_Dis,3,0.00807921977094,0.453333333333333,0.968253968253968,0.904761904761905,0.003354974388971,0.009460393692929,0,0.014118114933386,0.003368189100889,2.58640928985893,0.718265682656827,0.01567572867907,Catharus_ustulatus,Bird,Passeriformes,Turdidae,Catharus,ustulatus,27,100,31.75,19.8175,9.45,5.1875,68.25,-0.25,26.9475,2.075,1.24,30.3,22,0.463545668475614,0.250823001821028,-0.210874301851723,0.445622780173123
56,Chl_cal,Copalinga,1000,B_Dis,2,0.067619047619048,0.546666666666667,0.984126984126984,0.952380952380952,0.040714285714286,4.68142877206123E-05,0,0.009047524358719,0.002710754402776,1.75476535060332,0.052121771217712,0.462827497817583,Chlorochrysa_calliparaea,Bird,Passeriformes,Thraupidae,Chlorochrysa,calliparaea,33,70.625,17.25,14.67,7.495,5.965,42.375,-0.625,17.5125,1.9,1.1125,17,2,-0.441668015855375,0.514174482397839,0.531216627264315,0.164562127779764
57,Chl_can,Copalinga,1000,B_Dis,4,0.088429726799334,0.226666666666667,0.910714285714286,0.857142857142857,0.020758163770514,0.039771733025382,0,0.014515808311792,0.013513341470971,3.87219763097799,0.792254933418899,0.064149311302387,Chlorospingus_canigularis,Bird,Passeriformes,Thraupidae,Chlorospingus,canigularis,35,67,11.35,11.35,7.25,5.075,57.675,0,19.225,1.875,1.325,18,2,-0.634004849112859,0.565014654160932,0.608667753327211,0.018071839459804
58,Chl_fla,Copalinga,1000,B_Dis,5,0.359548557260161,0.133333333333333,0.932773109243697,0.80952380952381,0.066779901611062,0.015569968040902,0,0.014217538277988,0.034965323772685,3.67684351372354,0.749977499774998,0.086976261109079,Chlorospingus_flavigularis,Bird,Passeriformes,Thraupidae,Chlorospingus,flavigularis,38,77.525,12.25,16.99,9.3025,7.405,59,-4.2,20.7,2.2625,1.3325,25.6,50,-0.348276554958742,-0.103770499647895,0.143572531795567,-0.548884750153478
59,Chl_spi,Copalinga,1000,B_Dis,6,0.415226629128097,0.12,0.913165266106443,0.761904761904762,0.042685027966978,0.030719405935062,0,0.014316961622589,0.02360845531675,4.62322888747579,0.691343788437884,0.087770790042182,Chlorophanes_spiza,Bird,Passeriformes,Thraupidae,Chlorophanes,spiza,45,68.125,15.75,17.45,7.7875,5.68,46.75,-1.375,16.4275,2.16,1.3,19,3,-0.527061926963483,0.258165312055543,0.516264924119359,-0.094853922051391
60,Cis_lev,Copalinga,1000,B_Dis,3,0.014345993791337,0.373333333333333,0.976190476190476,0.904761904761905,0.007060093423586,0.009460393692929,0,0.014118114933386,0.005896511281834,2.33657354148564,0.632226322263223,0.041824809266134,Cissopis_leverianus,Bird,Passeriformes,Thraupidae,Cissopis,leverianus,47,106.875,13.05,19.465,12.8175,11.27,128.6666667,-52.16666667,26.195,3.6675,2.1575,76,6,0.547609551502085,-1.05780928908237,-1.22999602773234,-1.13109158946343
61,Coe_fla,Copalinga,1000,B_Dis,3,0.045274603560526,0.466666666666667,0.928571428571429,0.904761904761905,0.017672204662723,0.008550977206061,0,0.013720421554981,0.003353555625153,2.87174588749259,0.521955719557196,0.178711430641026,Coereba_flaveola,Bird,Passeriformes,Coerebidae,Coereba,flaveola,48,57.75,11,13.6575,5.31,4.85,35,2.5,16.4875,1.82,1.0275,10.06,8,-1.12222598222548,0.792191821784545,1.189328623345,0.24485380695661
62,Col_plu,Copalinga,1000,B_Dis,2,0.016787439613527,0.533333333333333,0.989417989417989,0.952380952380952,0.011890645586298,0.007102758814622,0,0.014018691588785,0.007155099905459,1.60663079608635,0.480711170748071,0.11407884893788,Patagioenas_plumbea,Bird,Non-passeriformes,Columbidae,Patagioenas,plumbea,52,170.5,59.375,22.73,8.06,7.915,132.75,-26.625,22,3.8075,3.37,179,9,2.17947013946778,0.377940331421011,-2.11226051312291,2.65067545922699
63,Col_sub,Copalinga,1000,B_Dis,1,0.003086419753086,0.76,1,1,0.003086419753086,0,0,0.013422151521177,0.001384666539044,1,0.298892988929889,0.111378201960528,Patagioenas_subvinacea,Bird,Non-passeriformes,Columbidae,Patagioenas,subvinacea,53,156.375,54.375,18.97,7.0675,6.7775,121,-24.25,20.29,3.8025,3.0275,163,1,1.80379995902302,0.688718774700512,-1.68156983028574,2.66687534821589
64,Cya_ync,Copalinga,1000,B_Dis,4,0.131830042806172,0.24,0.964285714285714,0.857142857142857,0.020218420164631,0.036716139675603,0,0.01441638496719,0.012409212968805,2.95775834359589,0.602025127394131,0.110816412018445,Cyanocorax_yncas,Bird,Passeriformes,Corvidae,Cyanocorax,yncas,59,128.15,10.2,32.0025,15.14,11.385,149.25,-44.2,37.6925,4.0275,2.42,78.5,87,0.478187274799785,-2.23621126135538,-1.506274352718,-2.28687522539813
65,Dac_cay,Copalinga,1000,B_Dis,3,0.022285371475482,0.386666666666667,0.952380952380952,0.904761904761905,0.006187442770989,0.036716139675603,0,0.01441638496719,0.005249232815698,2.6493511285621,0.656365313653137,0.051603329516769,Dacnis_cayana,Bird,Passeriformes,Thraupidae,Dacnis,cayana,63,62.75,15.375,16.2975,7.6625,5.2225,42.75,0,15.12,1.7325,1.09,13,3,-0.56557085332471,0.36197124351772,0.602714840904803,-0.060526016569938
66,Dac_fla,Copalinga,1000,B_Dis,1,0.001543209876543,0.8,1,1,0.001543209876543,0,0,0.013422151521177,0.000695275634672,1,0.298892988929889,0.009607444423747,Dacnis_flaviventer,Bird,Passeriformes,Thraupidae,Dacnis,flaviventer,65,60.6666666666667,12.6666666666667,14.3833333333333,7.12666666666667,4.85,40,0.5,14.6033333333333,1.62333333333333,1.04,14,4,-0.485977001184631,0.278776386948413,0.23443402904849,0.095447396678379
67,Dac_lin,Copalinga,1000,B_Dis,6,0.30287808520449,0.093333333333333,0.979591836734694,0.761904761904762,0.062236605015971,0.046734367727375,0,0.014615231656393,0.032717755684489,2.77571352267772,0.576779124934106,0.128040036884569,Dacnis_lineata,Bird,Passeriformes,Thraupidae,Dacnis,lineata,66,58.5,14.375,13.585,7.27,4.8625,41.5,-2.5,13.5925,1.64,0.9625,11,11,-0.60888134988352,0.559328417957864,0.681816591852367,0.069951042457861
68,Dry_lin,Copalinga,1000,B_Dis,1,0.001543209876543,0.813333333333333,1,1,0.001543209876543,0,0,0.013422151521177,0.000695275634672,1,0.298892988929889,0.009607444423747,Dryocopus_lineatus,Bird,Non-passeriformes,Picidae,Dryocopus,lineatus,77,195.9,47.6,42.428,15.738,11.248,114.75,34,28.71,3.93,3.468,183.5,11,2.49658304170581,-2.36193494156407,-3.33982682410244,-0.362333007183438
69,Eub_bou,Copalinga,1000,B_Dis,2,0.011543209876543,0.6,0.952380952380952,0.952380952380952,0.005771604938272,0.01295585412668,0,0.013521574865779,0.001373712602827,2,0.345018450184502,0.148457722180685,Eubucco_bourcierii,Bird,Non-passeriformes,Ramphastidae,Eubucco,bourcierii,82,71.75,18.025,21.6,13.25,8.6,50.575,20.85,22.225,2.05,1.4,37,3,0.549978738120531,-0.912634117081293,-0.891254579592301,-1.14014776332994
70,Eup_lan,Copalinga,1000,B_Dis,4,0.046181270247328,0.266666666666667,0.957671957671958,0.857142857142857,0.013970191331676,0.015569968040902,0,0.014217538277988,0.010433998407051,3.04976940882239,0.651617104406338,0.069511056838764,Euphonia_laniirostris,Bird,Passeriformes,Thraupidae,Euphonia,laniirostris,84,61.5,14.25,12.22,7.7325,6.1675,33.875,6.25,13.8575,1.73,0.9325,15,4,-0.464154614061347,0.533878512276331,0.506048688935892,0.04614154046137
71,Eup_xan,Copalinga,1000,B_Dis,4,1.03018577833216,0.253333333333333,0.918367346938775,0.857142857142857,0.114951909349091,0.009460393692929,0,0.014118114933386,0.010558846649509,3.65790883807767,0.738031656632356,0.121296524772518,Euphonia_xanthogaster,Bird,Passeriformes,Thraupidae,Euphonia,xanthogaster,86,60.75,13.25,11.6925,7.4,5.755,33.5,-1.75,14.265,1.585,1.0275,13,6,-0.563811076786478,0.600144727097103,0.611699341711027,0.069009597177821
72,Hem_gui,Copalinga,1000,B_Dis,4,0.168098213123266,0.28,0.942857142857143,0.857142857142857,0.032864019697654,0.009460393692929,0,0.014118114933386,0.007032258992072,3.4579789224902,0.668525662529353,0.108292912892516,Hemithraupis_guira,Bird,Passeriformes,Thraupidae,Hemithraupis,guira,91,65.25,12.125,14.26,6.685,5.8525,51.75,0.75,15.6725,1.7725,1.0925,12,5,-0.828621001152575,0.550655768219594,0.849701631532285,0.025221663730682
73,Hyl_oli,Copalinga,1000,B_Dis,1,1,0.826666666666667,1,1,1,0,0,0,NA,1,0.000461254612546,1,Hylophilus_olivaceus,Bird,Passeriformes,Vireonidae,Hylophilus,olivaceus,96,61,7.5,13.7,6.9,5.4,50.1,5,18,1.7,1.2,12,3,-0.972253607871685,0.412936649816599,0.866027530818105,-0.26014997311411
74,Iri_ana,Copalinga,1000,B_Dis,1,0.011764705882353,0.84,1,1,0.011764705882353,0,0,0.009047524358719,0.000694307813893,1,0.039206642066421,0.320351711540532,Iridosornis_analis,Bird,Passeriformes,Thraupidae,Iridosornis,analis,97,81.25,13.375,14.6075,8.4025,7.88,67.375,-3.625,21.525,2.325,1.3025,26,1,-0.388847026640319,0.209547001003238,0.278899516645511,-0.204421385486177
75,Iri_pul,Copalinga,1000,B_Dis,1,0.010940919037199,0.64,1,1,0.010940919037199,0,0,0.010439451183138,0.003375113161963,1,0.210793357933579,0.231402031517062,Iridophanes_pulcherrimus,Bird,Passeriformes,Thraupidae,Iridophanes,pulcherrimus,100,64.45,14.65,18.8625,7.6925,4.9325,39.125,1.4,16.2725,1.88,1.1475,15.3,3,-0.657168960044118,0.18267414315429,0.626547106729737,-0.214048513498587
76,Lat_sub,Copalinga,1000,B_Dis,1,0.001543209876543,0.853333333333333,1,1,0.001543209876543,0,0,0.013422151521177,0.000695275634672,1,0.298892988929889,0.009607444423747,Snowornis_subalaris,Bird,Passeriformes,Cotingidae,Snowornis,subalaris,103,129.875,29.5,26.2025,16.02,9.5025,104.625,1,19.8525,2.405,1.895,81.2,1,1.50986188877352,-1.38593620387395,-1.81825461236476,-1.15723845663793
77,Lep_isi,Copalinga,1000,B_Dis,1,0.129411764705882,0.626666666666667,1,1,0.129411764705882,0,0,0.009047524358719,0.007229907914404,1,0.039206642066421,0.602878111460342,Lepidothrix_isidorei,Bird,Passeriformes,Pipridae,Lepidothrix,isidorei,104,50.875,10.625,10.82,5.9525,4.6875,24.4975,2.5075,14.365,1.2075,0.8975,7.8,6,-0.946304140696287,0.841946873390998,1.02682989345564,0.217224130022809
78,Lep_sup,Copalinga,1000,B_Dis,1,0.007716049382716,0.653333333333333,1,1,0.007716049382716,0,0,0.013422151521177,0.003418268618893,1,0.298892988929889,0.171958967605062,Leptopogon_superciliaris,Bird,Passeriformes,Tyrannidae,Leptopogon,superciliaris,107,66.525,10.875,15.8625,8.075,4.8425,61.625,-0.666666667,14.4325,1.4,0.935,11.7,37,-0.678974938561814,0.194205453935492,0.590873290719116,-0.386157016013466
79,Mac_reg,Copalinga,1000,B_Dis,3,0.038286602885921,0.48,0.968253968253968,0.904761904761905,0.021774967636008,0.036716139675603,0,0.01441638496719,0.003356645533759,2.58640928985893,0.439206642066421,0.215521199191456,Machaeropterus_regulus,Bird,Passeriformes,Pipridae,Machaeropterus,regulus,109,52.33333333,12,10.83,6.666666667,4.07,21,1.333333333,14.14333333,1.533333333,1.173333333,9.34,2,-0.747129074588097,0.75331039129195,0.825569300614536,0.164043896879667
80,Man_man,Copalinga,1000,B_Dis,1,0.011764705882353,0.866666666666667,1,1,0.011764705882353,0,0,0.009047524358719,0.000694307813893,1,0.039206642066421,0.320351711540532,Manacus_manacus,Bird,Passeriformes,Pipridae,Manacus,manacus,111,55.65,8.75,14.125,10.72,4.49,30.75,-0.25,20.355,1.795,1.1,20,4,0.011359497637583,-0.422436817883693,-0.513679406451887,-0.811919639678697
81,Mio_oli,Copalinga,1000,B_Dis,1,0.00462962962963,0.693333333333333,1,1,0.00462962962963,0,0,0.013422151521177,0.002068247109758,1,0.298892988929889,0.157271422897978,Mionectes_olivaceus,Bird,Passeriformes,Tyrannidae,Mionectes,olivaceus,112,66.075,10.65,17.495,8.27,5.73,49.375,-0.775,16.0875,1.4025,0.975,15.35,1,-0.68206726994162,0.046505830269854,0.535967480002378,-0.497192532325164
82,Mio_str,Copalinga,1000,B_Dis,1,0.001449275362319,0.88,1,1,0.001449275362319,0,0,0.011632531318354,0.000694100332558,1,0.318265682656827,0,Mionectes_striaticollis,Bird,Passeriformes,Tyrannidae,Mionectes,striaticollis,114,62.5,17.325,13.175,6.75,3.3,49.475,0,16,1.125,0.975,15,5,-0.540593045226506,0.734101824670649,0.694362286512167,0.3717579564507
83,Mya_ral,Copalinga,1000,B_Dis,1,0.002898550724638,0.773333333333333,1,1,0.002898550724638,0,0,0.011632531318354,0.001380012836952,1,0.318265682656827,0.101724383273525,Myadestes_ralloides,Bird,Passeriformes,Turdidae,Myadestes,ralloides,116,88.75,19.125,17.7775,12.015,5.29,77.5,4.45,20.51,2.1425,1.1325,29.1,9,0.443041651204601,-0.422895373032824,-0.605112968067508,-0.695123390075756
84,Myi_cep,Copalinga,1000,B_Dis,1,0.001543209876543,0.893333333333333,1,1,0.001543209876543,0,0,0.013422151521177,0.000695275634672,1,0.298892988929889,0.009607444423747,Myiarchus_cephalotes,Bird,Passeriformes,Tyrannidae,Myiarchus,cephalotes,120,88.26666667,14.1,24.74666667,10.99333333,6.325,90,10.26666667,20.18666667,1.823333333,1.323333333,28.6,8,-0.179704282031101,-0.779028635985867,-0.160636339300919,-1.09841917277546
85,Myi_gra,Copalinga,1000,B_Dis,1,0.001543209876543,0.906666666666667,1,1,0.001543209876543,0,0,0.013422151521177,0.000695275634672,1,0.298892988929889,0.009607444423747,Myiozetetes_granadensis,Bird,Passeriformes,Tyrannidae,Myiozetetes,granadensis,122,90.375,15.5,19.5475,10.41,6.055,70.625,1.375,18.4,2.1,1.455,29.3,2,0.079729608787909,-0.477141751081317,-0.454007900041614,-0.598634403654436
86,Myi_sim,Copalinga,1000,B_Dis,3,0.008267088799388,0.493333333333333,0.968253968253968,0.904761904761905,0.00350526961173,0.009460393692929,0,0.014118114933386,0.003368189100889,2.58640928985893,0.698892988929889,0.019951788117386,Myiozetetes_similis,Bird,Passeriformes,Tyrannidae,Myiozetetes,similis,126,88.125,15.5,19.2575,9.98,5.98,69.25,-1.375,18.7825,1.9825,1.3625,28,3,-0.139200616285728,-0.261775190304277,-0.048978322861911,-0.582693245528309
87,Ort_gut,Copalinga,1000,B_Dis,3,1.01323134728932,0.32,0.965986394557823,0.904761904761905,0.256432277688316,0.007102758814622,0,0.014018691588785,0.005927924824667,2.61069062578343,0.486316113161132,0.282042425873356,Ortalis_guttata,Bird,Non-passeriformes,Cracidae,Ortalis,guttata,127,197.25,29.25,27.305,13.525,12.69333333,210.625,-52.75,49.7425,5.775,4.0775,550,10,3.89177950277444,-3.49605453243972,-7.30799338358825,0.799100739716144
88,Par_pit,Copalinga,1000,B_Dis,3,1.29651675485009,0.306666666666667,0.945578231292517,0.904761904761905,0.347898295120517,0,0,0.013422151521177,0.007005374451286,2.88810854631228,0.30719557195572,0.498921531689474,Parula_pitiayumi,Bird,Passeriformes,Parulidae,Parula,pitiayumi,128,52.5,10.5,39.625,16.25,12.125,50.75,3.85,14.325,1.275,0.8,6.9,12,0.0437367090854,-2.48115976727268,-0.744531970463561,-3.04016855933414
89,Pip_chl,Copalinga,1000,B_Dis,1,0.002898550724638,0.786666666666667,1,1,0.002898550724638,0,0,0.011632531318354,0.001380012836952,1,0.318265682656827,0.101724383273525,Pipreola_chlorolepidota,Bird,Passeriformes,Cotingidae,Pipreola,chlorolepidota,136,75.4,14.4,17.49,13.72,5.165,47.75,0.75,17.465,2.29,1.55,29.5,9,0.56226898139017,-0.830675753061594,-0.921606006022209,-1.28366810133617
90,Pip_ery,Copalinga,1000,B_Dis,5,0.137922567724046,0.146666666666667,0.938775510204082,0.80952380952381,0.031422057228924,0.015569968040902,0,0.014217538277988,0.024521253527994,3.52863471450412,0.754689421894219,0.054079988371725,Pipra_erythrocephala,Bird,Passeriformes,Pipridae,Pipra,erythrocephala,137,58.075,11.625,20,5.75,1.3655,9.1475,4.715,13.495,1.65,1.0175,13.45,25,-1.19025966731899,0.368162816975721,1.15510782233199,-0.071829745551554
91,Pir_leu,Copalinga,1000,B_Dis,1,0.035294117647059,0.706666666666667,1,1,0.035294117647059,0,0,0.009047524358719,0.002059706406657,1,0.039206642066421,0.475726281061476,Piranga_leucoptera,Bird,Passeriformes,Cardinalidae,Piranga,leucoptera,143,73.75,13.575,14.8275,9.125,7.76,57.425,0.25,17.86,1.74,1.0075,16,1,-0.312568446708981,0.131391459706181,0.239851532054262,-0.372474960573583
92,Pog_poe,Copalinga,1000,B_Dis,1,0.001543209876543,0.92,1,1,0.001543209876543,0,0,0.013422151521177,0.000695275634672,1,0.298892988929889,0.009607444423747,Pogonotriccus_poecilotis,Bird,Passeriformes,Tyrannidae,Pogonotriccus,poecilotis,145,58.25,10,14.52,6.705,4.105,54.5,0,15.185,1.2,1.1,8,2,-0.948252221366158,0.491783294937872,0.933315724305815,-0.125889004200841
93,Psa_ang,Copalinga,1000,B_Dis,6,1.59004846187005,0.08,0.93984962406015,0.761904761904762,0.135578966218702,0.009460393692929,0,0.014118114933386,0.034628812403244,3.30188270130867,0.584334506135759,0.187648248496587,Psarocolius_angustifrons,Bird,Passeriformes,Icteridae,Psarocolius,angustifrons,146,209.375,53.125,50.3025,17.295,23.3325,172.625,-48.625,42.3775,5.97,4.3775,292.33,43,3.41112897346571,-3.44050989685116,-4.96639802987998,-0.349631318167097
94,Psa_dec,Copalinga,1000,B_Dis,3,0.110769229413983,0.293333333333333,0.965250965250965,0.904761904761905,0.050911573952949,0.009460393692929,0,0.014118114933386,0.030543485833194,2.28885920045554,0.575934040590406,0.126093667970342,Psarocolius_decumanus,Bird,Passeriformes,Icteridae,Psarocolius,decumanus,148,204.75,57.75,48.4875,17.74,23.4175,176.25,-33.83333333,45.7625,5.745,3.64,216,28,3.30546185809744,-2.90363056714572,-4.24032169443724,-0.323526592733447
95,Pyr_alb,Copalinga,1000,B_Dis,2,0.750724637681159,0.52,0.998626373626374,0.952380952380952,0.163321143166734,0,0,0.011632531318354,0.04482622830426,1.13638513358438,0.320571955719557,0.379246961533964,Pyrrhura_albipectus,Bird,Non-passeriformes,Psittacidae,Pyrrhura,albipectus,149,146,55,17.02,10.76,20.7,109,51,12.5,2.8,4.38,104,5,2.22533625485213,0.487302988570583,-1.83442814516213,1.89562308436588
96,Ram_car,Copalinga,1000,B_Dis,3,0.019983767740087,0.333333333333333,0.933333333333333,0.904761904761905,0.006718074695802,0.009460393692929,0,0.014118114933386,0.007703601196812,2.93749250232436,0.827952029520295,0.013111460251956,Ramphocelus_carbo,Bird,Passeriformes,Thraupidae,Ramphocelus,carbo,151,78.625,11.625,20.3875,11.36,8.6725,75.5,-10.3333333333333,21.1075,2.495,1.4725,12,3,0.060228019672242,-0.794271874378687,-0.589199961979184,-1.04338553048356
97,Rup_per,Copalinga,1000,B_Dis,5,2.00807921977094,0.186666666666667,0.920634920634921,0.80952380952381,0.377096858993107,0.009460393692929,0,0.014118114933386,0.003368189100889,4.45565973351251,0.569649446494465,0.332944960088154,Rupicola_peruvianus,Bird,Passeriformes,Cotingidae,Rupicola,peruvianus,152,189.2,22.575,33.8225,21.4875,16.2125,120.125,-8.025,36.7075,4.8425,3.93,244,13,3.08393930596988,-3.86808811567229,-5.12365941251052,-2.35588072717164
98,Sal_max,Copalinga,1000,B_Dis,3,0.690255731922399,0.4,0.971428571428571,0.904761904761905,0.173473324514991,0.005341820029355,0,0.013521574865779,0.00400699512877,2.4602329762891,0.329335793357934,0.324558167909117,Saltator_maximus,Bird,Passeriformes,Cardinalidae,Saltator,maximus,156,94.625,15.7,22.525,12.8675,11.695,84,-5.75,23.675,3.035,1.7075,47.65,2,0.412498919815077,-1.01913694911639,-0.881133290395832,-1.20925093357877
99,Say_nig,Copalinga,1000,B_Dis,1,0.00462962962963,0.72,1,1,0.00462962962963,0,0,0.013422151521177,0.002068247109758,1,0.298892988929889,0.157271422897978,Sayornis_nigricans,Bird,Passeriformes,Tyrannidae,Sayornis,nigricans,158,91.675,20.875,18.255,9.3075,4.5925,82.25,0.25,18.305,1.5425,1.0675,21.5,5,-0.036597548139567,0.093016745278989,0.076199727639503,-0.117213077779155
100,Tac_cri,Copalinga,1000,B_Dis,3,0.340955448201825,0.44,0.976190476190476,0.904761904761905,0.059912327786724,0.007102758814622,0,0.014018691588785,0.003380040655302,2.3811015779523,0.466943419434194,0.179585548247588,Tachyphonus_cristatus,Bird,Passeriformes,Thraupidae,Tachyphonus,cristatus,159,74.75,14.325,15.8575,7.87,6.63,64.125,-1.25,16.84,2.04,1.1275,18.8,1,-0.525728463192084,0.292641847241402,0.494084893940128,-0.124095917383062
101,Tac_ruf,Copalinga,1000,B_Dis,1,0.001543209876543,0.933333333333333,1,1,0.001543209876543,0,0,0.013422151521177,0.000695275634672,1,0.298892988929889,0.009607444423747,Tachyphonus_rufus,Bird,Passeriformes,Thraupidae,Tachyphonus,rufus,161,91.6666666666667,14.6666666666667,19.5266666666667,9.37333333333334,8.76333333333333,78.6666666666667,6,24.8366666666667,2.97,1.66,42.5,1,-0.145847757283438,-0.325868711509525,-0.208150720168477,-0.446702259898758
102,Tac_sur,Copalinga,1000,B_Dis,1,0.001543209876543,0.946666666666667,1,1,0.001543209876543,0,0,0.013422151521177,0.000695275634672,1,0.298892988929889,0.009607444423747,Tachyphonus_surinamus,Bird,Passeriformes,Thraupidae,Tachyphonus,surinamus,163,79.2,14.4,15.362,7.872,7.274,67.2,3.25,17.642,2.014,1.138,23,1,-0.304372138769476,0.149168822546627,0.056963992866947,0.009719797037862
103,Tan_art,Copalinga,1000,B_Dis,6,0.164500543199059,0.106666666666667,0.930555555555556,0.761904761904762,0.033105097068769,0.046734367727375,0,0.014615231656393,0.028367780912217,3.79480778175861,0.788604665707674,0.031102947916612,Tangara_arthus,Bird,Passeriformes,Thraupidae,Tangara,arthus,164,76.75,17,14.325,8.4675,6.3925,52.625,-0.125,16.8575,2.05,1.15,22,9,-0.234450644572918,0.338077327201592,0.249411738287747,-0.006358704976103
104,Tan_chi,Copalinga,1000,B_Dis,10,2.18930174660665,0.013333333333333,0.939294801890222,0.571428571428571,0.169570140378891,0.063163396152565,0.671183079973562,0.014714655000994,0.076824946114035,4.61290021082666,0.798245994204908,0.055086444450009,Tangara_chilensis,Bird,Passeriformes,Thraupidae,Tangara,chilensis,166,78.375,18.375,14.2675,7.41,5.9,55.375,1.875,16.8675,2.1375,1.205,23,91,-0.361257017503667,0.553255688255414,0.45129609235389,0.282561389002214
105,Tan_chr,Copalinga,1000,B_Dis,7,0.278660891969862,0.066666666666667,0.904761904761905,0.714285714285714,0.031429289250797,0.063163396152565,0,0.014714655000994,0.026523688244258,4.15252711994024,0.886053027196939,0.022283375400325,Tangara_chrysotis,Bird,Passeriformes,Thraupidae,Tangara,chrysotis,168,75.25,18.625,15.2225,8.4475,6.32,45.375,2.25,17.0325,2.3125,1.4375,24,2,-0.18377663203471,0.328415219545489,0.219565470600344,0.058616323935849
106,Tan_cya,Copalinga,1000,B_Dis,10,1.62574493541626,0,0.913217623497997,0.571428571428571,0.146438089819353,0.063163396152565,0.25743555849306,0.014714655000994,0.069725346551625,4.81111821943287,0.934947826299455,0.014928010862997,Tangara_cyanicollis,Bird,Passeriformes,Thraupidae,Tangara,cyanicollis,170,67.375,15.625,13.715,7.7575,5.7975,44.75,1.875,16.515,1.81,1.2075,17,39,-0.434473182090142,0.476399210417451,0.481088940365185,0.061669290051865
107,Tan_gyr,Copalinga,1000,B_Dis,9,2.12567355613145,0.04,0.908163265306123,0.619047619047619,0.216460306890381,0.063163396152565,0.047257105089227,0.014714655000994,0.054851894431804,5.14073446853186,0.632123571235712,0.17174811876272,Tangara_gyrola,Bird,Passeriformes,Thraupidae,Tangara,gyrola,173,74,15.375,14.5425,8.16,5.6525,49.5,0.125,16.72,2.2375,1.2825,21,25,-0.373745810878733,0.336001646395826,0.360972693043723,-0.054255508703214
108,Tan_mex,Copalinga,1000,B_Dis,2,0.126449275362319,0.613333333333333,0.952380952380952,0.952380952380952,0.063224637681159,0,0,0.011632531318354,0.001369797276223,2,0.321955719557196,0.337759606402709,Tangara_mexicana,Bird,Passeriformes,Thraupidae,Tangara,mexicana,176,71,17.25,13.8175,7.845,5.93,49.375,0.833333333333333,15.9,1.86,1.2425,23.5,2,-0.138273097283642,0.320983131243349,-0.011389235607824,0.248356987150288
109,Tan_nig,Copalinga,1000,B_Dis,5,0.168036589188613,0.173333333333333,0.928571428571429,0.80952380952381,0.016874658042303,0.039771733025382,0,0.014515808311792,0.011724560084868,3.85422112534427,0.752583025830258,0.046881318949822,Tangara_nigrocincta,Bird,Passeriformes,Thraupidae,Tangara,nigrocincta,177,68.25,14.875,13.225,8.14,5.655,46.875,0.75,14.88666667,1.7375,1.0975,17,12,-0.381704058051784,0.417820548053237,0.398374175221911,-0.033929150413835
110,Tan_niv,Copalinga,1000,B_Dis,3,0.017607714904198,0.346666666666667,0.972789115646258,0.904761904761905,0.007812733408141,0.009460393692929,0,0.014118114933386,0.007109384057897,2.4782069486465,0.68190204629319,0.03669403528019,Tangara_nigroviridis,Bird,Passeriformes,Thraupidae,Tangara,nigroviridis,179,70.75,10.975,11.9275,7.43,5.3375,46.375,0.75,15.245,1.6425,1.1325,17,13,-0.640847065161732,0.497016070107074,0.597138420666439,-0.066827177196274
111,Tan_pun,Copalinga,1000,B_Dis,8,0.724710138914334,0.053333333333333,0.898412698412698,0.666666666666667,0.078548407648542,0.063163396152565,0.024124256444151,0.014714655000994,0.04730632441907,5.4468434056381,0.878487215723221,0.027485490887674,Tangara_punctata,Bird,Passeriformes,Thraupidae,Tangara,punctata,185,62.575,12.7,12.6125,7.1475,5.2375,43.875,0.7,15.6575,1.7425,1.06,15,18,-0.650678044978387,0.565885976752462,0.669667657101071,0.051389556339618
112,Tan_ruf,Copalinga,1000,B_Dis,1,0.001543209876543,0.96,1,1,0.001543209876543,0,0,0.013422151521177,0.000695275634672,1,0.298892988929889,0.009607444423747,Tangara_ruficervix,Bird,Passeriformes,Thraupidae,Tangara,ruficervix,187,72.325,17.275,13.2975,7.6475,5.4825,47.5,-1.85,16.3775,2.0725,1.1275,22.2,5,-0.157383439970641,0.383654173780191,0.023024449977992,0.310663871404925
113,Tan_sch,Copalinga,1000,B_Dis,10,0.959153560522183,0.026666666666667,0.894308943089431,0.571428571428571,0.0726656462646,0.063163396152565,0,0.014714655000994,0.045243264959974,5.38203699638569,0.879458794587946,0.026574569859351,Tangara_schrankii,Bird,Passeriformes,Thraupidae,Tangara,schrankii,188,69.25,14.75,14.49,8.1575,5.995,40.9,0.75,16.655,2.0075,1.155,19,19,-0.411278921745801,0.331319184471866,0.395162774487028,-0.09397100454973
114,Tan_vir,Copalinga,1000,B_Dis,1,0.00462962962963,0.733333333333333,1,1,0.00462962962963,0,0,0.013422151521177,0.002068247109758,1,0.298892988929889,0.157271422897978,Tangara_viridicollis,Bird,Passeriformes,Thraupidae,Tangara,viridicollis,194,75.875,17.5,13.54,8.4925,6.23,52.875,1,16.6025,2.0825,1.17,24,2,-0.000139449401393,0.234830824120712,-0.165894184640639,0.150521927805279
115,Tan_xag,Copalinga,1000,B_Dis,5,0.264210821521743,0.16,0.887755102040816,0.80952380952381,0.056274533364192,0.046734367727375,0,0.014615231656393,0.023674142132647,4.51972450453433,0.770393342231295,0.098266825341518,Tangara_xanthogastra,Bird,Passeriformes,Thraupidae,Tangara,xanthogastra,197,60.875,11.75,13.345,6.6375,4.9675,39.25,1.166666667,14.225,1.74,1.0475,15,3,-0.807938438884465,0.583680243902116,0.812964230929227,0.062111383627445
116,Tan_xan,Copalinga,1000,B_Dis,3,0.069463102146957,0.413333333333333,0.920634920634921,0.904761904761905,0.025686344464529,0.005032615988424,0,0.012030224696759,0.005241805281841,2.95115178586752,0.483856088560886,0.187763920360614,Tangara_xanthocephala,Bird,Passeriformes,Thraupidae,Tangara,xanthocephala,199,72.625,16.125,12.845,7.305,5.5825,47.625,3,16.545,1.91,1.035,19,6,-0.457366431875577,0.604968721635639,0.534181812416513,0.222209853236778
117,Ter_vir,Copalinga,1000,B_Dis,3,0.040817421976842,0.426666666666667,0.952380952380952,0.904761904761905,0.011747565370754,0.013084374109492,0,0.014118114933386,0.005246971287071,2.82842712474619,0.577952029520295,0.101663934935033,Tersina_viridis,Bird,Passeriformes,Thraupidae,Tersina,viridis,203,85,24.3333333333333,15.95,13.19,6.82333333333333,51,-0.333333333333333,15.45,2.27666666666667,1.41,35,2,1.08307359227473,-0.491212218797931,-1.28702727581019,-0.462172697774435
118,Thr_cya,Copalinga,1000,B_Dis,1,0.001543209876543,0.973333333333333,1,1,0.001543209876543,0,0,0.013422151521177,0.000695275634672,1,0.298892988929889,0.009607444423747,Thraupis_cyanocephala,Bird,Passeriformes,Thraupidae,Thraupis,cyanocephala,205,88.625,13.875,16.94,10.71,8.225,78.75,-4,23.3075,2.765,1.53,36,36,0.042218914430495,-0.342223268454809,-0.326923627898699,-0.690801515450562
119,Thr_epi,Copalinga,1000,B_Dis,4,0.57397033208009,0.2,0.942857142857143,0.857142857142857,0.072888420110576,0.009460393692929,0,0.014118114933386,0.021640523570752,3.41802816443195,0.669028849379403,0.126876352100954,Thraupis_episcopus,Bird,Passeriformes,Thraupidae,Thraupis,episcopus,209,95.75,21.625,68.75,2,17.4825,10.21,8.055,20.87,2.5175,1.4475,35,8,-2.8223091796374,-1.5224654722927,2.46438592634264,-0.846167337884206
120,Thr_pal,Copalinga,1000,B_Dis,4,0.557550966594667,0.213333333333333,0.943977591036415,0.857142857142857,0.07424296700214,0.009460393692929,0,0.014118114933386,0.018591094616208,3.41754407639667,0.648511518898973,0.126694296440036,Thraupis_palmarum,Bird,Passeriformes,Thraupidae,Thraupis,palmarum,213,97.625,21.625,18.5175,9.6175,8.0275,72.25,1.75,20.8175,2.5575,1.55,39,4,0.146342178816364,-0.038806794305283,-0.214887298873954,-0.090551516794701
121,Tit_sem,Copalinga,1000,B_Dis,3,0.075159965112555,0.506666666666667,0.904761904761905,0.904761904761905,0.025053321704185,0.003081198123603,0,0.01362099821038,0.002040135184305,3,0.516143911439114,0.203688536766146,Tityra_semifasciata,Bird,Passeriformes,Cotingidae,Tityra,semifasciata,216,124.625,29.625,31.185,18.715,13.335,76.625,0.666666666666667,23.5225,2.7225,2.3575,79.3,1,1.85596024376494,-2.11070727042282,-2.33409819558207,-1.88746645638482
122,Tro_col,Copalinga,1000,B_Dis,1,0.007716049382716,0.666666666666667,1,1,0.007716049382716,0,0,0.013422151521177,0.003418268618893,1,0.298892988929889,0.171958967605062,Trogon_collaris,Bird,Non-passeriformes,Trogonidae,Trogon,collaris,217,123.25,48.325,23.145,16.6375,8.925,144.4,-49.2,12.9375,2.14,1.5225,64.2,1,2.59408177382929,-0.832688378345881,-2.44677117063443,-0.015438706875524
123,Tur_alb,Copalinga,1000,B_Dis,3,0.017056675487526,0.36,0.96031746031746,0.904761904761905,0.007186677715964,0.009460393692929,0,0.014118114933386,0.007109384057897,2.50043542207737,0.708067762495807,0.02990301599568,Turdus_albicollis,Bird,Passeriformes,Turdidae,Turdus,albicollis,219,111.3333333,23.16666667,26.68666667,10.73333333,7.153333333,86,-1.333333333,30.27,2.856666667,1.596666667,54,4,0.25312098128862,-0.708723235937588,-0.524301568071878,-0.528304772737009
124,Tur_flu,Copalinga,1000,B_Dis,1,0.01,0.986666666666667,1,1,0.01,0,0,0.008152714257308,0.000692684936118,1,0.046125461254613,0.295489145046243,Turdus_fulviventris,Bird,Passeriformes,Turdidae,Turdus,fulviventris,221,125.775,23.625,26.1025,12.6225,7.71,93.475,3,33.245,3.18,1.9875,70,1,0.730428218581701,-1.05966707914588,-1.16237236370775,-0.789788055100427
125,Tur_ign,Copalinga,1000,B_Dis,1,0.001543209876543,1,1,1,0.001543209876543,0,0,0.013422151521177,0.000695275634672,1,0.298892988929889,0.009607444423747,Turdus_ignobilis,Bird,Passeriformes,Turdidae,Turdus,ignobilis,227,116.675,22.125,21.96,10.21,7.085,95.075,3.625,31.3075,3.5075,1.9575,66.7,1,0.255639168541097,-0.38718389427588,-0.472140999509104,-0.281430199716799
126,Tyr_mel,Copalinga,1000,B_Dis,1,0.00462962962963,0.746666666666667,1,1,0.00462962962963,0,0,0.013422151521177,0.002068247109758,1,0.298892988929889,0.157271422897978,Tyrannus_melancholicus,Bird,Passeriformes,Tyrannidae,Tyrannus,melancholicus,230,118.25,31.25,27.025,13.8325,8.0525,98.75,-14,17.3,2.33,1.565,37.4,5,1.06473588442073,-0.933576668271033,-1.14161168918428,-0.721329842084677
127,Vol_jac,Copalinga,1000,B_Dis,1,0.006172839506173,0.68,1,1,0.006172839506173,0,0,0.013422151521177,0.002746090494662,1,0.298892988929889,0.162041184262946,Volatinia_jacarina,Bird,Passeriformes,Thraupidae,Volatinia,jacarina,232,47.4,7.5,12.53,6.305,5.455,46.5,5.25,14.93,1.6,0.945,12,2,-0.803330593656579,0.371174383330336,0.468589692087432,0.034896344261004
128,Ani_lac,ECSF,2000,A_Nat,1,0.003246753246753,0.648648648648649,1,1,0.003246753246753,0,0,0.030386740331492,0.00197838737867,1,0.51077943615257,0,Anisognathus_lacrymosus,Bird,Passeriformes,Thraupidae,Anisognathus,lacrymosus,5,91.75,25.45,12.425,9.75,7.3,72.1,6.625,26.375,2.55,1.55,31,2,0.040830308449831,0.554845166518884,0.283970138370576,0.443337912126409
129,Ani_som,ECSF,2000,A_Nat,7,2.92411412117294,0,0.945161290322581,0.7,0.222525724652421,0.116879958799151,0.035817446562681,0.034806629834254,0.022069282949134,4.45229214306817,0.759025385891058,0.13992472511348,Anisognathus_somptuosus,Bird,Passeriformes,Thraupidae,Anisognathus,somptuosus,9,92.75,17.275,18.105,10.15,9.6675,69.675,-0.5,22.875,2.9725,1.805,42,1,-0.089342664368006,-0.149639530624942,0.124201169521929,-0.268016180810498
130,Atl_lat,ECSF,2000,A_Nat,1,1,0.675675675675676,1,1,1,0,0,0,NA,1,0.001658374792703,1,Atlapetes_latinuchus,Bird,Passeriformes,Emberizidae,Atlapetes,latinuchus,12,77,8.5,15.435,9.1325,8.4075,78.5,11.5,27.4025,2.685,1.695,31,5,0.675211020021101,-0.46453217297352,0.877900252672041,-0.449425336491555
131,Aul_pra,ECSF,2000,A_Nat,3,2.05494505494505,0.297297297297297,0.98,0.9,0.324960753532182,0,0,0.024677716390424,0.007720699153858,2.21734745227321,0.154228855721393,0.515011164428506,Aulacorhynchus_prasinus,Bird,Non-passeriformes,Ramphastidae,Aulacorhynchus,prasinus,16,130,24.675,75.6675,26.745,23.5525,115.225,-55.675,35.015,3.835,2.9225,171.67,14,-6.93188956656789,-4.02026085214946,-7.27796658651323,-5.13707410381332
132,Bas_tri,ECSF,2000,A_Nat,1,0.5,0.540540540540541,1,1,0.5,0,0,0.018232044198895,0.003617728552054,1,0.006633499170813,0.866124129190473,Basileuterus_tristriatus,Bird,Passeriformes,Parulidae,Basileuterus,tristriatus,19,63.325,8.05,13.58,6.56,4.31,55.425,6.3,19.66,1.7225,1,12.7,22,1.19476320822934,-0.105642724376479,1.52323497780992,-0.019016103538938
133,Cat_ust,ECSF,2000,A_Nat,2,0.176470588235294,0.432432432432432,0.95,0.95,0.088235294117647,0.013219739482366,0,0.024125230202578,0.003592158958718,2,0.17910447761194,0.380329570568995,Catharus_ustulatus,Bird,Passeriformes,Turdidae,Catharus,ustulatus,27,100,31.75,19.8175,9.45,5.1875,68.25,-0.25,26.9475,2.075,1.24,30.3,13,-0.643218112929376,0.54718001294405,-0.33110017091231,0.330618336297091
134,Cha_gou,ECSF,2000,A_Nat,3,2.06666666666667,0.324324324324324,0.95,0.9,0.533333333333333,0,0,0.021178637200737,0.003813758869936,2.82842712474619,0.053067993366501,0.718054429673463,Chamaepetes_goudotii,Bird,Non-passeriformes,Cracidae,Chamaepetes,goudotii,31,250.25,62.05,37.23,17.13,13.6525,236.6,40.675,72.3175,7.715,5.8275,729,6,-6.54889971137258,3.38637532629587,-5.98976446417642,1.96218138626608
135,Chl_oph,ECSF,2000,A_Nat,1,0.003246753246753,0.702702702702703,1,1,0.003246753246753,0,0,0.030386740331492,0.00197838737867,1,0.51077943615257,0,Chlorospingus_ophthalmicus,Bird,Passeriformes,Thraupidae,Chlorospingus,ophthalmicus,40,65.5,10.625,14.125,7.7425,5.7625,58.125,-3.5,19.68,2.0775,1.14,22.1,6,0.852159002132548,-0.09837131103549,1.13725566557494,-0.067325721581102
136,Col_fas,ECSF,2000,A_Nat,2,0.6,0.351351351351351,0.996153846153846,0.95,0.414285714285714,0.010070400979492,0.04159445407279,0.022836095764273,0.016120554792231,1.29345720901131,0.059701492537313,0.754148979007093,Patagioenas_fasciata,Bird,Non-passeriformes,Columbidae,Patagioenas,fasciata,50,207.5,74.75,27.425,10.6225,9.24,142.375,-15.625,26.5075,5.105,4.14,367.25,9,-4.2248113490971,3.72567466041347,-3.53828465691296,2.76981259089212
137,Cre_ver,ECSF,2000,A_Nat,3,0.132850482850483,0.216216216216216,0.991176470588235,0.9,0.054131701631702,0.036164677073768,0,0.033149171270718,0.016741809145965,1.67897957501336,0.610530679933665,0.112142288907967,Creurgops_verticalis,Bird,Passeriformes,Thraupidae,Creurgops,verticalis,56,77,14.25,17.885,9.045,7.41,68.25,4.5,19.21,2.045,1.21,24,9,0.269651026861518,-0.242954101268103,0.515968779878744,-0.298271966336378
138,Cya_ync,ECSF,2000,A_Nat,1,0.11038961038961,0.459459459459459,1,1,0.11038961038961,0,0,0.030386740331492,0.021043201215577,1,0.51077943615257,0.214596999540112,Cyanocorax_yncas,Bird,Passeriformes,Corvidae,Cyanocorax,yncas,59,128.15,10.2,32.0025,15.14,11.385,149.25,-44.2,37.6925,4.0275,2.42,78.5,49,-1.54262720836517,-1.6369791817132,-1.55157958106538,-1.95402912719092
139,Dig_alb,ECSF,2000,A_Nat,1,0.006493506493506,0.567567567567568,1,1,0.006493506493506,0,0,0.030386740331492,0.003709842315556,1,0.51077943615257,0.027152623877518,Diglossa_albilatera,Bird,Passeriformes,Thraupidae,Diglossa,albilatera,68,56.25,8.875,13.38,4.88,5.45,44.125,5.375,19.075,1.6325,1.0275,9.85,8,1.42626525603188,0.133524375535356,1.8448661347935,0.250376400113472
140,Dig_cya,ECSF,2000,A_Nat,1,0.012987012987013,0.513513513513513,1,1,0.012987012987013,0,0,0.030386740331492,0.006596359899818,1,0.51077943615257,0.095499266185269,Diglossa_cyanea,Bird,Passeriformes,Thraupidae,Diglossa,cyanea,72,77.75,13.5,17.315,7.1625,6.475,63.25,-3.625,21.9725,1.9925,1.13,17.05,4,0.632237964966848,-0.060900618808386,0.968549419913129,-0.063164730675425
141,Ela_alb,ECSF,2000,A_Nat,2,0.052813852813853,0.378378378378378,0.991666666666667,0.95,0.021459492888064,0.006198347107438,0,0.030939226519337,0.009463751327083,1.50699306577254,0.560530679933665,0.096315455740452,Elaenia_albiceps,Bird,Passeriformes,Tyrannidae,Elaenia,albiceps,79,77.125,17.575,15.41,8.26,4.615,66.875,0.25,18.755,1.4525,0.9375,15.5,9,0.436978027630129,0.107905903898851,0.725107363318283,0.07255735877442
142,Hem_fro,ECSF,2000,A_Nat,1,0.003246753246753,0.72972972972973,1,1,0.003246753246753,0,0,0.030386740331492,0.00197838737867,1,0.51077943615257,0,Hemispingus_frontalis,Bird,Passeriformes,Thraupidae,Hemispingus,frontalis,88,75,11,66,5,15.37,6.64,6.81,20.63,1.85,1.46,17,1,-2.08140544135674,-2.34798902741618,-1.46974729943028,-2.71485992601534
143,Iri_ana,ECSF,2000,A_Nat,3,1.05213903743316,0.243243243243243,0.964285714285714,0.9,0.187277183600713,0.015392015392015,0,0.031491712707182,0.011710671165487,2.61069062578343,0.683250414593698,0.192963459230654,Iridosornis_analis,Bird,Passeriformes,Thraupidae,Iridosornis,analis,97,81.25,13.375,14.6075,8.4025,7.88,67.375,-3.625,21.525,2.325,1.3025,26,1,0.601084274835242,-0.041015973436139,0.867436805606178,-0.051021509347028
144,Lep_lac,ECSF,2000,A_Nat,1,0.021978021978022,0.594594594594595,1,1,0.021978021978022,0,0,0.024677716390424,0.00368912052628,1,0.150912106135987,0.262639196303353,Lepidocolaptes_lacrymiger,Bird,Passeriformes,Dendrocolaptidae,Lepidocolaptes,lacrymiger,106,104.075,24.95,33.295,9.845,6.16,87.25,-24.525,20.125,1.8425,1.55,30.6,4,-1.29148611231727,-0.518623078575667,-0.982281625683465,-0.809695174050481
145,Mio_str,ECSF,2000,A_Nat,1,0.142857142857143,0.756756756756757,1,1,0.142857142857143,0,0,0.019152854511971,0.001949632872887,1,0.011608623548922,0.660405538689327,Mionectes_striaticollis,Bird,Passeriformes,Tyrannidae,Mionectes,striaticollis,114,62.5,17.325,13.175,6.75,3.3,49.475,0,16,1.125,0.975,15,1,0.809928916221514,0.382373427795013,1.16886021149162,0.397481565527574
146,Mya_ral,ECSF,2000,A_Nat,3,0.205755029284441,0.27027027027027,0.975,0.9,0.035862829980477,0.072695691887611,0,0.032596685082873,0.010508483265384,2.33657354148564,0.689883913764511,0.089370300821387,Myadestes_ralloides,Bird,Passeriformes,Turdidae,Myadestes,ralloides,116,88.75,19.125,17.7775,12.015,5.29,77.5,4.45,20.51,2.1425,1.1325,29.1,38,-0.366554942882815,-0.314583635713579,-0.253536552365393,-0.466627233677793
147,Myi_min,ECSF,2000,A_Nat,1,0.003246753246753,0.783783783783784,1,1,0.003246753246753,0,0,0.030386740331492,0.00197838737867,1,0.51077943615257,0,Myioborus_miniatus,Bird,Passeriformes,Parulidae,Myioborus,miniatus,124,63,9.875,12.87,6.5425,3.9175,61.775,-10.66666667,9.26,1.295,0.7825,9,36,1.18201560179043,0.010045869791678,1.5144316115741,0.093200480691613
148,Pen_bar,ECSF,2000,A_Nat,1,0.266666666666667,0.486486486486487,1,1,0.266666666666667,0,0,0.021178637200737,0.011726519827679,1,0.049751243781095,0.682589251185262,Penelope_barbata,Bird,Non-passeriformes,Cracidae,Penelope,barbata,130,236.3,33,32.8,19.4,13.8,250,130.5,57.2,7,6.2,807.5,4,-5.69147664870868,2.17427811170434,-5.34326967959051,0.885506784219223
149,Pha_aur,ECSF,2000,A_Nat,1,0.666666666666667,0.621621621621622,1,1,0.666666666666667,0,0,0.001104972375691,NA,1,0.004975124378109,0.921687635825037,Pharomachrus_auriceps,Bird,Non-passeriformes,Trogonidae,Pharomachrus,auriceps,133,199.75,74.025,30.0425,22.635,12.065,185.75,-37.325,16.885,3.5625,2.2775,180,14,-5.4363502618806,1.32063294712719,-5.50448898915889,0.303036642408444
150,Pip_mel,ECSF,2000,A_Nat,1,0.166666666666667,0.810810810810811,1,1,0.166666666666667,0,0,0.019705340699816,0.002012287766715,1,0.009950248756219,0.687307457620181,Pipraeidea_melanonota,Bird,Passeriformes,Thraupidae,Pipraeidea,melanonota,140,81.625,20.125,12.895,7.76,6.6025,55.475,-0.375,16.32,1.925,1.1225,21,1,0.54799645015175,0.447818012629947,0.868533943654723,0.41945617679701
151,Pip_rie,ECSF,2000,A_Nat,1,0.003246753246753,0.837837837837838,1,1,0.003246753246753,0,0,0.030386740331492,0.00197838737867,1,0.51077943615257,0,Pipreola_riefferii,Bird,Passeriformes,Cotingidae,Pipreola,riefferii,142,88,12.4,17.025,11.475,5.6,68.75,29.65,23.15,2.325,1.75,49.3,8,-0.039215322070967,-0.473722003261153,0.083793092388855,-0.578583106988883
152,Rup_per,ECSF,2000,A_Nat,4,3.01098901098901,0.135135135135135,0.95,0.85,0.876373626373626,0,0,0.024677716390424,0.001972478940895,3.36358566101486,0.136608623548922,0.864593439797026,Rupicola_peruvianus,Bird,Passeriformes,Cotingidae,Rupicola,peruvianus,152,189.2,22.575,33.8225,21.4875,16.2125,120.125,-8.025,36.7075,4.8425,3.93,244,20,-3.65627435274447,-1.11718985244617,-3.83237721187228,-1.82482284375035
153,Tac_ruf,ECSF,2000,A_Nat,1,0.009803921568627,0.864864864864865,1,1,0.009803921568627,0,0,0.023020257826888,0.001962730201677,1,0.169154228855721,0.192863477346953,Tachyphonus_rufus,Bird,Passeriformes,Thraupidae,Tachyphonus,rufus,161,91.6666666666667,14.6666666666667,19.5266666666667,9.37333333333334,8.76333333333333,78.6666666666667,6,24.8366666666667,2.97,1.66,42.5,1,-0.152513716688388,-0.02859604976276,0.131414338482868,-0.17795915927158
154,Tan_lab,ECSF,2000,A_Nat,3,0.202052849111673,0.162162162162162,0.99125,0.9,0.115969554017113,0.060800647164284,0,0.034254143646409,0.022410715293671,1.6863543987524,0.659715606365336,0.105199358129799,Tangara_labradorides,Bird,Passeriformes,Thraupidae,Tangara,labradorides,175,67.5,8.625,11.8,7.3,4.825,47.75,1.25,18.575,1.55,1.05,15,7,1.17111129367345,-0.065228833537013,1.45808138096306,0.016341300748489
155,Tan_niv,ECSF,2000,A_Nat,5,0.832400932400932,0.054054054054054,0.946875,0.8,0.209556436829164,0.154294508334912,0.393991912189486,0.035911602209945,0.024609116257984,3.27138376880693,0.825719885421378,0.070967687603526,Tangara_nigroviridis,Bird,Passeriformes,Thraupidae,Tangara,nigroviridis,179,70.75,10.975,11.9275,7.43,5.3375,46.375,0.75,15.245,1.6425,1.1325,17,13,1.04205562390122,0.043490097858933,1.3341467901112,0.101994480707185
156,Tan_par,ECSF,2000,A_Nat,3,0.352630702630703,0.189189189189189,0.954761904761905,0.9,0.147944971694972,0.036164677073768,0.034662045060659,0.033149171270718,0.020625344981096,2.34370296919219,0.625663349917081,0.194075340475442,Tangara_parzudakii,Bird,Passeriformes,Thraupidae,Tangara,parzudakii,183,84.75,19.625,15.2675,8.99,7.325,58.75,0.625,18.13,2.25,1.35,28,4,0.214073948536765,0.189143444780139,0.480163778949318,0.113663887550066
157,Tan_vas,ECSF,2000,A_Nat,4,0.997402597402597,0.108108108108108,0.966666666666667,0.85,0.343789152024446,0.126567745759665,0.253610629693819,0.033701657458564,0.023307744574945,2.34085109888652,0.555575065847234,0.310693869533258,Tangara_vassorii,Bird,Passeriformes,Thraupidae,Tangara,vassorii,190,74.875,17.125,12.8325,8.025,5.6575,50.375,1.375,17.1325,1.7625,1.0925,18,1,0.645791386790415,0.251082180505472,0.936989663392073,0.243560499796138
158,Tan_vir,ECSF,2000,A_Nat,1,0.003246753246753,0.891891891891892,1,1,0.003246753246753,0,0,0.030386740331492,0.00197838737867,1,0.51077943615257,0,Tangara_viridicollis,Bird,Passeriformes,Thraupidae,Tangara,viridicollis,194,75.875,17.5,13.54,8.4925,6.23,52.875,1,16.6025,2.0825,1.17,24,2,0.244176544494745,0.519237639564672,0.566087115342242,0.417609034172315
159,Tan_xan,ECSF,2000,A_Nat,5,0.520939844469256,0.081081081081081,0.95625,0.8,0.14405630317395,0.154294508334912,0.127094165222415,0.035911602209945,0.022667658243781,2.94240949274812,0.778109452736318,0.089350464820732,Tangara_xanthocephala,Bird,Passeriformes,Thraupidae,Tangara,xanthocephala,199,72.625,16.125,12.845,7.305,5.5825,47.625,3,16.545,1.91,1.035,19,10,0.785678466798019,0.288274533558012,1.11141209581635,0.300773169036951
160,Thr_cya,ECSF,2000,A_Nat,6,2.48771228771229,0.027027027027027,0.948076923076923,0.75,0.212508246470511,0.195573580927116,0.113229347198151,0.034254143646409,0.021076552257534,4.11052701599661,0.714446634750774,0.191518390813855,Thraupis_cyanocephala,Bird,Passeriformes,Thraupidae,Thraupis,cyanocephala,205,88.625,13.875,16.94,10.71,8.225,78.75,-4,23.3075,2.765,1.53,36,11,0.06348334607293,-0.36043437674947,0.224430880693358,-0.448032322668715
161,Thr_epi,ECSF,2000,A_Nat,1,0.010989010989011,0.918918918918919,1,1,0.010989010989011,0,0,0.024677716390424,0.001972478940895,1,0.150912106135987,0.212778192812554,Thraupis_episcopus,Bird,Passeriformes,Thraupidae,Thraupis,episcopus,209,95.75,21.625,68.75,2,17.4825,10.21,8.055,20.87,2.5175,1.4475,35,4,-2.31906960271389,-1.50035750481049,-1.48037478232631,-1.93122043861067
162,Tro_per,ECSF,2000,A_Nat,1,0.333333333333333,0.945945945945946,1,1,0.333333333333333,0,0,0.001104972375691,NA,1,0.004975124378109,0.80827344544112,Trogon_personatus,Bird,Non-passeriformes,Trogonidae,Trogon,personatus,218,127.625,47.25,21.21,15.9525,8.4925,157.125,-62.625,12.9625,2.0625,1.4725,63.4,4,-2.41307593222314,0.65517527791552,-2.35154780573758,0.155166726602696
163,Tur_flu,ECSF,2000,A_Nat,1,0.003246753246753,0.972972972972973,1,1,0.003246753246753,0,0,0.030386740331492,0.00197838737867,1,0.51077943615257,0,Turdus_fulviventris,Bird,Passeriformes,Turdidae,Turdus,fulviventris,221,125.775,23.625,26.1025,12.6225,7.71,93.475,3,33.245,3.18,1.9875,70,1,-1.31452750935939,-0.388032074029325,-1.15779137109951,-0.6977707628925
164,Tur_fus,ECSF,2000,A_Nat,2,0.055311355311355,0.405405405405405,0.975,0.95,0.025763125763126,0.001683501683502,0,0.025230202578269,0.005122292811667,1.88988157484231,0.200663349917081,0.257589638021016,Turdus_fuscater,Bird,Passeriformes,Turdidae,Turdus,fuscater,224,156.8,29.35,33.555,15.0775,10.41,139.975,12.00666667,44.1425,4.59,2.775,143,1,-2.63498852780634,-0.43376850546185,-2.50909340391708,-0.969194455867475
165,Vir_leu,ECSF,2000,A_Nat,1,0.003246753246753,1,1,1,0.003246753246753,0,0,0.030386740331492,0.00197838737867,1,0.51077943615257,0,Vireo_leucophrys,Bird,Passeriformes,Vireonidae,Vireo,leucophrys,231,64.85,8.825,13.01,6.4575,3.9925,44.95,0.666666667,16.975,1.31,0.8925,12.3,1,1.21617414922598,-0.026847906736158,1.55119022201413,0.061299370027881
166,Ana_par,Finca,2000,B_Dis,1,0.055555555555556,0.789473684210526,1,1,0.055555555555556,0,0,0.019812462189958,0.001599161095895,1,0.025936599423631,0.52014660818601,Anairetes_parulus,Bird,Passeriformes,Tyrannidae,Anairetes,parulus,3,49.95,6.225,12.595,4.87,3.5925,52.25,4.1,18.0475,1.2275,0.8425,6.2,2,0.800493638581839,1.67525307663323,1.29053304137437,-2.30632393401042
167,Ani_lac,Finca,2000,B_Dis,5,1.45959256269991,0.078947368421053,0.977591036414566,0.80952380952381,0.103986787433115,0.033942005621693,0,0.02994555353902,0.015752758346907,2.75945136365769,0.761902017291066,0.114895388907225,Anisognathus_lacrymosus,Bird,Passeriformes,Thraupidae,Anisognathus,lacrymosus,5,91.75,25.45,12.425,9.75,7.3,72.1,6.625,26.375,2.55,1.55,31,6,0.241990316051262,-0.956067943888659,-0.321766139211831,2.16672785846128
168,Ani_som,Finca,2000,B_Dis,3,0.09137263262623,0.210526315789474,0.986394557823129,0.904761904761905,0.021451949764496,0.036851213023088,0,0.02994555353902,0.009357257758744,1.98127168926922,0.697406340057637,0.060394123564631,Anisognathus_somptuosus,Bird,Passeriformes,Thraupidae,Anisognathus,somptuosus,9,92.75,17.275,18.105,10.15,9.6675,69.675,-0.5,22.875,2.9725,1.805,42,3,-0.120698584831642,-0.248056484768916,-0.651089025978569,0.650951277085124
169,Atl_lat,Finca,2000,B_Dis,2,0.355125100887813,0.368421052631579,0.994708994708995,0.952380952380952,0.052945924132365,0,0,0.027676950998185,0.010003748414406,1.38414548846169,0.599423631123919,0.133282883119451,Atlapetes_latinuchus,Bird,Passeriformes,Emberizidae,Atlapetes,latinuchus,12,77,8.5,15.435,9.1325,8.4075,78.5,11.5,27.4025,2.685,1.695,31,40,0.502938592978146,0.772864246094392,0.625326654684172,-1.18939989444712
170,Aul_pra,Finca,2000,B_Dis,1,0.018867924528302,0.815789473684211,1,1,0.018867924528302,0,0,0.021324863883848,0.001589116591791,1,0.076368876080692,0.340860553316379,Aulacorhynchus_prasinus,Bird,Non-passeriformes,Ramphastidae,Aulacorhynchus,prasinus,16,130,24.675,75.6675,26.745,23.5525,115.225,-55.675,35.015,3.835,2.9225,171.67,6,-6.15225092482049,-2.75610709463445,-8.97071150404529,3.61559203905702
171,Bua_tor,Finca,2000,B_Dis,1,0.00726392251816,0.605263157894737,1,1,0.00726392251816,0,0,0.027676950998185,0.004303200730356,1,0.595100864553314,0.018634549003712,Arremon_torquatus,Bird,Passeriformes,Emberizidae,Arremon,torquatus,20,89.5,8.25,19.9875,10.7025,9.4825,87.5,15.375,30.295,2.84,1.5475,40.7,3,-0.027703163139499,0.472667494822121,-0.352641947297352,-0.936908085969743
172,But_exi,Finca,2000,B_Dis,1,0.2,0.842105263157895,1,1,0.2,0,0,0.017241379310345,0.001553397761648,1,0.007204610951009,0.732804529699091,Buthraupis_eximia,Bird,Passeriformes,Thraupidae,Buthraupis,eximia,21,122.5,24.9166666666667,20.6716666666667,12.3616666666667,13.0916666666667,96.25,2.25,31.61,3.48333333333333,2.06333333333333,70,1,-0.665233655936798,-1.36681390657677,-1.84101666977044,2.48605492406251
173,Cat_ust,Finca,2000,B_Dis,2,0.33817594834544,0.447368421052632,0.952380952380952,0.952380952380952,0.16908797417272,0,0,0.027676950998185,0.005223801928543,2,0.50864553314121,0.3292370211716,Catharus_ustulatus,Bird,Passeriformes,Turdidae,Catharus,ustulatus,27,100,31.75,19.8175,9.45,5.1875,68.25,-0.25,26.9475,2.075,1.24,30.3,13,-0.634205048433272,-1.14500485369522,-1.15954185706803,2.92282162702234
174,Chl_can,Finca,2000,B_Dis,2,0.202421307506053,0.5,0.952380952380952,0.952380952380952,0.101210653753027,0.006324404761905,0,0.028130671506352,0.001598723213636,2,0.507204610951009,0.284009819818315,Chlorospingus_canigularis,Bird,Passeriformes,Thraupidae,Chlorospingus,canigularis,35,67,11.35,11.35,7.25,5.075,57.675,0,19.225,1.875,1.325,18,3,0.758101882594838,0.699389878390651,0.800103249869089,-0.832460263157735
175,Chl_oph,Finca,2000,B_Dis,1,0.107142857142857,0.631578947368421,1,1,0.107142857142857,0,0,0.020871143375681,0.004339014548653,1,0.040345821325648,0.554915016977239,Chlorospingus_ophthalmicus,Bird,Passeriformes,Thraupidae,Chlorospingus,ophthalmicus,40,65.5,10.625,14.125,7.7425,5.7625,58.125,-3.5,19.68,2.0775,1.14,22.1,1,0.503272357566586,0.738439040044061,0.509736850440851,-0.952930186836575
176,Chl_rie,Finca,2000,B_Dis,1,0.002421307506053,0.868421052631579,1,1,0.002421307506053,0,0,0.027676950998185,0.00159541401722,1,0.595100864553314,0,Chlorornis_riefferii,Bird,Passeriformes,Thraupidae,Chlorornis,riefferii,42,111.25,18,19.6675,11.995,11.4275,85.375,-1,27.8425,3.1275,2.14,53,4,-0.31224794224787,-0.664184359993433,-1.11753901480748,1.13135121756918
177,Col_fas,Finca,2000,B_Dis,2,0.835714285714286,0.394736842105263,0.988095238095238,0.952380952380952,0.647142857142857,0.000744047619048,0,0.021324863883848,0.001631026655623,1.64938488846612,0.047550432276657,0.817419351680623,Patagioenas_fasciata,Bird,Non-passeriformes,Columbidae,Patagioenas,fasciata,50,207.5,74.75,27.425,10.6225,9.24,142.375,-15.625,26.5075,5.105,4.14,367.25,9,-4.44813653458251,-7.51161436144423,-12.0266670826234,13.2452619262124
178,Cre_ver,Finca,2000,B_Dis,1,0.018867924528302,0.894736842105263,1,1,0.018867924528302,0,0,0.021324863883848,0.001589116591791,1,0.076368876080692,0.340860553316379,Creurgops_verticalis,Bird,Passeriformes,Thraupidae,Creurgops,verticalis,56,77,14.25,17.885,9.045,7.41,68.25,4.5,19.21,2.045,1.21,24,5,0.063738953398999,0.337745912688158,-0.025868333593023,-0.219771477247478
179,Cya_ync,Finca,2000,B_Dis,1,0.016949152542373,0.578947368421053,1,1,0.016949152542373,0,0,0.027676950998185,0.008354484474206,1,0.595100864553314,0.074049861372398,Cyanocorax_yncas,Bird,Passeriformes,Corvidae,Cyanocorax,yncas,59,128.15,10.2,32.0025,15.14,11.385,149.25,-44.2,37.6925,4.0275,2.42,78.5,43,-1.33861694241346,-0.344995720962011,-2.39377227980773,0.014150911105803
180,Cyc_guj,Finca,2000,B_Dis,2,1.16666666666667,0.526315789473684,0.952380952380952,0.952380952380952,0.583333333333333,0,0,0.018451300665457,0.00160540390731,2,0.010086455331412,0.831926971221033,Cyclarhis_gujanensis,Bird,Passeriformes,Vireonidae,Cyclarhis,gujanensis,62,81.7,10.875,19.1975,10.6475,10.4675,66.25,2.333333333,24.19,2.7575,1.785,28.8,5,0.040375375996763,0.342856259174169,-0.123253599490601,-0.549243458492848
181,Dig_alb,Finca,2000,B_Dis,3,0.50915071497099,0.184210526315789,0.988095238095238,0.904761904761905,0.252599022339988,0.05895900974026,0.00256629597947,0.029491833030853,0.014455026478625,1.8457200132751,0.2335734870317,0.485417736660747,Diglossa_albilatera,Bird,Passeriformes,Thraupidae,Diglossa,albilatera,68,56.25,8.875,13.38,4.88,5.45,44.125,5.375,19.075,1.6325,1.0275,9.85,25,0.631852578194024,1.45392447499562,1.01647590478279,-1.83694188553224
182,Dig_cae,Finca,2000,B_Dis,1,0.166666666666667,0.921052631578947,1,1,0.166666666666667,0,0,0.018451300665457,0.001602052718404,1,0.00864553314121,0.702535891352007,Diglossa_caerulescens,Bird,Passeriformes,Thraupidae,Diglossa,caerulescens,71,71.875,11.75,14.9575,6.3075,5.7875,57.7,-1.125,18.1675,1.8475,0.9925,15.7,1,0.113834502017554,0.543805423366499,-0.641067058694665,-0.674294561981249
183,Ela_alb,Finca,2000,B_Dis,4,0.623598780378441,0.131578947368421,0.984126984126984,0.857142857142857,0.096950785964103,0.10685867228836,0.061591103507271,0.030852994555354,0.016962325995277,2.25555432440782,0.746603540551667,0.111658217600439,Elaenia_albiceps,Bird,Passeriformes,Tyrannidae,Elaenia,albiceps,79,77.125,17.575,15.41,8.26,4.615,66.875,0.25,18.755,1.4525,0.9375,15.5,9,0.236633510858007,0.186029830898683,0.233900960241147,0.260620253614727
184,Ela_pal,Finca,2000,B_Dis,2,0.049055690072639,0.263157894736842,0.996031746031746,0.952380952380952,0.02835909852859,0.038194444444445,0,0.028584392014519,0.011949931410672,1.31152341404742,0.667146974063401,0.075637235555504,Elaenia_pallatangae,Bird,Passeriformes,Tyrannidae,Elaenia,pallatangae,81,75.575,15.375,13.6375,7.28,4.6375,67.625,2.375,15.705,1.3225,0.885,17.8,4,0.431587422303954,0.450246826494287,0.440041222480439,-0.209440358609168
185,Hem_fro,Finca,2000,B_Dis,1,0.004842615012107,0.684210526315789,1,1,0.004842615012107,0,0,0.027676950998185,0.003021257486853,1,0.595100864553314,0,Hemispingus_frontalis,Bird,Passeriformes,Thraupidae,Hemispingus,frontalis,88,75,11,66,5,15.37,6.64,6.81,20.63,1.85,1.46,17,1,-4.43507828314998,3.10110538584638,-3.2903113521121,-3.51908126205508
186,Hem_ver,Finca,2000,B_Dis,2,1.00726392251816,0.421052631578947,0.968253968253968,0.952380952380952,0.404358353510896,0,0,0.027676950998185,0.004303200730356,1.96013170420779,0.597982708933718,0.361495820285579,Hemispingus_verticalis,Bird,Passeriformes,Thraupidae,Hemispingus,verticalis,94,71.75,12.625,11.41,5.1275,5.2925,78.19,5.8975,26.0025,1.8575,1.2075,14,1,0.694877825988844,0.997912499504298,0.883840737390215,-1.01502397946482
187,Iri_ana,Finca,2000,B_Dis,1,0.004842615012107,0.710526315789474,1,1,0.004842615012107,0,0,0.027676950998185,0.003021257486853,1,0.595100864553314,0,Iridosornis_analis,Bird,Passeriformes,Thraupidae,Iridosornis,analis,97,81.25,13.375,14.6075,8.4025,7.88,67.375,-3.625,21.525,2.325,1.3025,26,1,0.372705580297792,0.383868379094251,0.232586305414241,-0.337424617504524
188,Mio_oli,Finca,2000,B_Dis,1,0.44,0.552631578947368,1,1,0.44,0,0,0.018905021173624,0.01495500755971,1,0.072046109510087,0.756131017333551,Mionectes_olivaceus,Bird,Passeriformes,Tyrannidae,Mionectes,olivaceus,112,66.075,10.65,17.495,8.27,5.73,49.375,-0.775,16.0875,1.4025,0.975,15.35,2,0.233928850889847,0.82615198778422,0.402975540030314,-1.04934568473554
189,Mya_ral,Finca,2000,B_Dis,2,0.098526290616686,0.315789473684211,0.965986394557823,0.952380952380952,0.055455913271356,0.00951244212963,0,0.028584392014519,0.011611953905533,1.97228598008191,0.533381364073007,0.168596778842184,Myadestes_ralloides,Bird,Passeriformes,Turdidae,Myadestes,ralloides,116,88.75,19.125,17.7775,12.015,5.29,77.5,4.45,20.51,2.1425,1.1325,29.1,34,-0.028454987738196,-0.61992106146743,-0.441897222872779,1.21113827338263
190,Myi_pul,Finca,2000,B_Dis,1,0.00726392251816,0.657894736842105,1,1,0.00726392251816,0,0,0.027676950998185,0.004303200730356,1,0.595100864553314,0.018634549003712,Myiophobus_pulcher,Bird,Passeriformes,Tyrannidae,Myiophobus,pulcher,125,60.3,8.8,11.92,6.31,3.16,52.5,3,15.91,1.15,0.83,9.1,12,0.806287467380175,1.16743307925795,1.11614489102125,-1.54624835523581
191,Pen_bar,Finca,2000,B_Dis,2,0.369047619047619,0.473684210526316,0.976190476190476,0.952380952380952,0.234126984126984,0.005729166666667,0.000855431993157,0.021324863883848,0.004303248002984,1.88988157484231,0.048991354466859,0.632719313781754,Penelope_barbata,Bird,Non-passeriformes,Cracidae,Penelope,barbata,130,236.3,33,32.8,19.4,13.8,250,130.5,57.2,7,6.2,807.5,45,-6.115962776825,-9.25140526455526,-21.4476300150085,10.8551625051047
192,Pip_mel,Finca,2000,B_Dis,1,0.166666666666667,0.947368421052632,1,1,0.166666666666667,0,0,0.018451300665457,0.00160540390731,1,0.00864553314121,0.702535891352007,Pipraeidea_melanonota,Bird,Passeriformes,Thraupidae,Pipraeidea,melanonota,140,81.625,20.125,12.895,7.76,6.6025,55.475,-0.375,16.32,1.925,1.1225,21,1,0.361121421249901,-0.074753300042263,0.184133381649281,0.772430205175482
193,Tan_cya,Finca,2000,B_Dis,1,0.04,0.736842105263158,1,1,0.04,0,0,0.018905021173624,0.002978104181419,1,0.072046109510087,0.396117371287479,Tangara_cyanicollis,Bird,Passeriformes,Thraupidae,Tangara,cyanicollis,170,67.375,15.625,13.715,7.7575,5.7975,44.75,1.875,16.515,1.81,1.2075,17,1,0.431935937515742,0.357356476095696,0.43057052433439,-0.091250783460195
194,Tan_niv,Finca,2000,B_Dis,8,2.44613902129092,0.026315789473684,0.978436657681941,0.666666666666667,0.193605484367968,0.116843565867003,0.147134302822926,0.032214156079855,0.022710411739844,3.0105871146814,0.732063325723268,0.146503725377701,Tangara_nigroviridis,Bird,Passeriformes,Thraupidae,Tangara,nigroviridis,179,70.75,10.975,11.9275,7.43,5.3375,46.375,0.75,15.245,1.6425,1.1325,17,19,0.723521958885196,0.728574646588408,0.793664513711298,-0.899085102698638
195,Tan_par,Finca,2000,B_Dis,2,0.333333333333333,0.289473684210526,0.978835978835979,0.952380952380952,0.145299145299145,0.002783038720539,0,0.022232304900182,0.01219454441291,1.85380775496353,0.142651296829971,0.485912765466654,Tangara_parzudakii,Bird,Passeriformes,Thraupidae,Tangara,parzudakii,183,84.75,19.625,15.2675,8.99,7.325,58.75,0.625,18.13,2.25,1.35,28,4,0.137063162109116,-0.220886132352331,-0.174400116490302,0.861764560894282
196,Tan_vas,Finca,2000,B_Dis,4,1.05954622903775,0.105263157894737,0.989417989417989,0.857142857142857,0.406166288860312,0.047089101581289,0.245508982035928,0.030399274047187,0.026200890364416,1.75248701728082,0.735739006935731,0.230641563186054,Tangara_vassorii,Bird,Passeriformes,Thraupidae,Tangara,vassorii,190,74.875,17.125,12.8325,8.025,5.6575,50.375,1.375,17.1325,1.7625,1.0925,18,18,0.473390065298977,0.148249331177005,0.39688183824276,0.265406072224063
197,Tan_vir,Finca,2000,B_Dis,1,0.018867924528302,0.973684210526316,1,1,0.018867924528302,0,0,0.021324863883848,0.001589116591791,1,0.076368876080692,0.340860553316379,Tangara_viridicollis,Bird,Passeriformes,Thraupidae,Tangara,viridicollis,194,75.875,17.5,13.54,8.4925,6.23,52.875,1,16.6025,2.0825,1.17,24,2,0.133458809625994,-0.353075201252498,-0.854560028838354,0.784409504937241
198,Tan_xan,Finca,2000,B_Dis,4,0.195219821219182,0.157894736842105,0.968253968253968,0.857142857142857,0.074210960012047,0.044497335708273,0,0.030399274047187,0.012704487958712,2.77329725870478,0.475984630163305,0.192322683481619,Tangara_xanthocephala,Bird,Passeriformes,Thraupidae,Tangara,xanthocephala,199,72.625,16.125,12.845,7.305,5.5825,47.625,3,16.545,1.91,1.035,19,6,0.479200291284199,0.345631193643673,0.435566554488003,-0.030064576930505
199,Thr_cya,Finca,2000,B_Dis,12,4.976035857686,0,0.96875,0.476190476190476,0.213669041810247,0.316496343644781,0.42087254063302,0.034029038112523,0.023655799435598,4.04031896682547,0.84598444891523,0.082351174037292,Thraupis_cyanocephala,Bird,Passeriformes,Thraupidae,Thraupis,cyanocephala,205,88.625,13.875,16.94,10.71,8.225,78.75,-4,23.3075,2.765,1.53,36,36,0.130176223715853,-0.057013631442776,-0.268803264653512,0.144637628960917
200,Thr_epi,Finca,2000,B_Dis,2,0.160628626250628,0.342105263157895,0.976190476190476,0.952380952380952,0.103857340825681,0.018973214285714,0,0.029038112522686,0.011247214940991,1.88988157484231,0.409702209414025,0.285948055221713,Thraupis_episcopus,Bird,Passeriformes,Thraupidae,Thraupis,episcopus,209,95.75,21.625,68.75,2,17.4825,10.21,8.055,20.87,2.5175,1.4475,35,8,-5.15706099577867,2.69371922824354,-4.36871342709601,-2.12621661510259
201,Thr_pal,Finca,2000,B_Dis,1,0.024691358024691,0.763157894736842,1,1,0.024691358024691,0,0,0.021324863883848,0.003014581394063,1,0.11671469740634,0.305610999803817,Thraupis_palmarum,Bird,Passeriformes,Thraupidae,Thraupis,palmarum,213,97.625,21.625,18.5175,9.6175,8.0275,72.25,1.75,20.8175,2.5575,1.55,39,2,-0.275112608688323,-0.470299984479669,-0.801026357443401,1.28563610902386
202,Tur_fus,Finca,2000,B_Dis,8,3.95763256136884,0.052631578947368,0.92156862745098,0.666666666666667,0.358249844692773,0.118007549452862,0.059880239520958,0.031760435571688,0.016861518140929,5.88050754438574,0.563432596861992,0.29434694414989,Turdus_fuscater,Bird,Passeriformes,Turdidae,Turdus,fuscater,224,156.8,29.35,33.555,15.0775,10.41,139.975,12.00666667,44.1425,4.59,2.775,143,49,-2.38836102257527,-2.40183780835311,-4.9874532057627,3.86845472504258
203,Tur_ser,Finca,2000,B_Dis,1,0.002421307506053,1,1,1,0.002421307506053,0,0,0.027676950998185,0.00159541401722,1,0.595100864553314,0,Turdus_serranus,Bird,Passeriformes,Turdidae,Turdus,serranus,229,121.85,21.725,27.4175,12.425,7.965,104.025,8.45,34.7375,3.5175,2.14,84.9,1,-1.32083461162178,-1.03935516258534,-2.67599051621295,1.81757589811356
204,Zon_cap,Finca,2000,B_Dis,2,0.462421307506053,0.236842105263158,0.997929606625259,0.952380952380952,0.440934221146086,0.038194444444445,0.061591103507271,0.028584392014519,0.015460091591104,1.18911009346584,0.113712776176753,0.697035723236119,Zonotrichia_capensis,Bird,Passeriformes,Emberizidae,Zonotrichia,capensis,233,77.85,12.375,14.3475,7.715,7.5325,66.375,-0.5,23.1025,2.3025,1.3975,20.27,17,0.443304800839096,0.624332371884795,0.455880894504323,-0.672342337953674
205,Ani_ign,Cajanuma,3000,A_Nat,4,1.18958333333333,0.166666666666667,0.947368421052632,0.842105263157895,0.234791666666667,0.133333333333333,0,0.1171875,0.117026748971193,3.38924527733983,0.588235294117647,0.16185022482038,Anisognathus_igniventris,Bird,Passeriformes,Thraupidae,Anisognathus,igniventris,4,89.075,12.7,15.33,10.435,8.24,72,0,23.5225,2.6325,1.59,34,6,0.743047582908277,-0.867613101978735,-0.69709340172792,-0.571100025219208
206,Ani_lac,Cajanuma,3000,A_Nat,9,5.80625,0,0.900584795321637,0.578947368421053,0.548317307692308,0.483333333333333,0.65,0.125,0.191277810467794,6.84883663543683,0.690497737556561,0.276374950980227,Anisognathus_lacrymosus,Bird,Passeriformes,Thraupidae,Anisognathus,lacrymosus,5,91.75,25.45,12.425,9.75,7.3,72.1,6.625,26.375,2.55,1.55,31,16,0.242783096784785,1.16179088080324,-1.29271024718933,1.68807647636404
207,Atl_tri,Cajanuma,3000,A_Nat,1,1,0.833333333333333,1,1,1,0,0,0,NA,1,0.011764705882353,1,Atlapetes_tricolor,Bird,Passeriformes,Emberizidae,Atlapetes,tricolor,15,74.9333333333333,9.1,17.0433333333333,9.78666666666667,7.75,76.8333333333333,14.55,26.6633333333333,2.50666666666667,1.49333333333333,10,10,0.836691101199832,-1.56594294649393,-0.724918367811212,-1.69357928217749
208,But_mon,Cajanuma,3000,A_Nat,3,2,0.25,0.956140350877193,0.894736842105263,0.795454545454546,0,0.175,0.078125,0.105713835155593,2.50043542207737,0.188235294117647,0.840073566029877,Buthraupis_montana,Bird,Passeriformes,Thraupidae,Buthraupis,montana,22,133.875,30.5,22.2625,13.8175,12.4425,86.5,-1.125,31.67,3.975,2.7975,96,4,-3.3412257579869,-0.21029211030766,-8.01696564624755,0.973658263774834
209,Cat_ino,Cajanuma,3000,A_Nat,5,5,0.083333333333333,0.789473684210526,0.789473684210526,1,0,0,0,NA,5,0.058823529411765,1,Catamenia_inornata,Bird,Passeriformes,Emberizidae,Catamenia,inornata,25,67,16.5,13.36,8.12,5.47,45,-1.5,13.75,1.8,1.23,14.5,1,0.976456250750142,-0.091600834843261,-0.412975265539887,-0.83410017187908
210,Chl_rie,Cajanuma,3000,A_Nat,3,0.90625,0.333333333333333,0.964912280701754,0.894736842105263,0.48125,0.25,0.175,0.1171875,0.053756629030879,2.58640928985893,0.341176470588235,0.453174878872292,Chlorornis_riefferii,Bird,Passeriformes,Thraupidae,Chlorornis,riefferii,42,111.25,18,19.6675,11.995,11.4275,85.375,-1,27.8425,3.1275,2.14,53,4,-0.832052352995159,-0.987906465027698,-3.47082532717769,0.053377255604631
211,Dig_cya,Cajanuma,3000,A_Nat,2,0.425,0.583333333333333,0.960526315789474,0.947368421052632,0.2,0.133333333333333,0,0.1171875,0.098741319444444,1.97962633005252,0.494117647058824,0.186323077466255,Diglossa_cyanea,Bird,Passeriformes,Thraupidae,Diglossa,cyanea,72,77.75,13.5,17.315,7.1625,6.475,63.25,-3.625,21.9725,1.9925,1.13,17.05,13,1.4940819419987,-0.702648104027011,0.708514450414915,-0.49639859092456
212,Dig_hum,Cajanuma,3000,A_Nat,1,0.03125,0.916666666666667,1,1,0.03125,0,0,0.109375,0.024202127659575,1,0.376470588235294,0,Diglossa_humeralis,Bird,Passeriformes,Thraupidae,Diglossa,humeralis,75,69.025,11.025,14.85,5.3425,5.9775,58.125,-4.825,21.6725,1.88,1.265,13.15,1,2.39597828036425,-0.582113397271087,2.17733943262408,-1.30859133135304
213,Dub_tae,Cajanuma,3000,A_Nat,1,0.0625,0.666666666666667,1,1,0.0625,0,0,0.109375,0.046239837398374,1,0.376470588235294,0.038684315848047,Dubusia_taeniata,Bird,Passeriformes,Thraupidae,Dubusia,taeniata,78,90.95,11.375,20.3975,10.9775,8.2325,86.875,2.5,27.245,2.6425,1.5975,37,2,0.151121662160537,-1.72098195847999,-1.74302582799898,-0.713317715231234
214,Iri_ruf,Cajanuma,3000,A_Nat,1,0.666666666666667,0.75,1,1,0.666666666666667,0,0,0.015625,NA,1,0.035294117647059,0.859416593354001,Iridosornis_rufivertex,Bird,Passeriformes,Thraupidae,Iridosornis,rufivertex,102,84.5,14.6,13.705,8.4,8.0775,71.125,5.333333333,24.895,2.3875,1.385,23,1,1.40455037816703,-0.227078627248084,0.536886298306823,-0.297105746358548
215,Myi_mel,Cajanuma,3000,A_Nat,1,0.333333333333333,1,1,1,0.333333333333333,0,0,0.015625,NA,1,0.035294117647059,0.683007499855769,Myioborus_melanocephalus,Bird,Passeriformes,Parulidae,Myioborus,melanocephalus,123,68.875,10.3,12.97,6.2275,4.31,64.675,13.25,18.8025,1.675,1.0925,11.3,24,2.50406424725822,-0.465698764580168,2.40303072314497,-1.15960785624998
216,Pip_arc,Cajanuma,3000,A_Nat,3,1.26666666666667,0.416666666666667,0.894736842105263,0.894736842105263,0.422222222222222,0,0,0.0859375,0.041793062516486,3,0.2,0.478278739618927,Pipreola_arcuata,Bird,Passeriformes,Cotingidae,Pipreola,arcuata,135,124.575,25.475,27.03,16.3875,7.5125,90.875,-3.325,27.265,2.9725,2.05,118,27,-4.41763321879918,-1.76135706547365,-10.14272029497,-0.171428639510006
217,Tan_vas,Cajanuma,3000,A_Nat,2,1.3125,0.5,0.994736842105263,0.947368421052632,0.375,0,0,0.109375,0.170284431137725,1.35613141338627,0.388235294117647,0.402328266426018,Tangara_vassorii,Bird,Passeriformes,Thraupidae,Tangara,vassorii,190,74.875,17.125,12.8325,8.025,5.6575,50.375,1.375,17.1325,1.7625,1.0925,18,1,1.47589780513846,0.262982003277603,0.75979565097405,0.278555059370044
218,Amp_rub,Bellavista,3000,B_Dis,5,2.49722222222222,0.066666666666667,0.909090909090909,0.818181818181818,0.513271604938272,0.255813953488372,0.213592233009709,0.090361445783133,0.05050819978799,4.58575641234582,0.36,0.490851090218935,Ampelion_rubrocristatus,Bird,Passeriformes,Cotingidae,Ampelion,rubrocristatus,2,111.375,25.625,20.48,13.6475,7.74,81.875,-1.375,23.1625,2.685,1.5775,66.3,5,-0.211014726600856,0.081587362891852,-1.65093771322347,-0.028365048614808
219,Ani_lac,Bellavista,3000,B_Dis,5,2.25396825396825,0.133333333333333,0.954545454545455,0.818181818181818,0.531746031746032,0.156976744186047,0.101941747572816,0.091867469879518,0.05191642097167,4,0.346666666666667,0.51624270468549,Anisognathus_lacrymosus,Bird,Passeriformes,Thraupidae,Anisognathus,lacrymosus,5,91.75,25.45,12.425,9.75,7.3,72.1,6.625,26.375,2.55,1.55,31,12,0.364730610531959,0.124023801337847,-0.394506821304252,-0.629533533772106
220,Atl_lat,Bellavista,3000,B_Dis,4,2.29166666666667,0.2,0.909090909090909,0.863636363636364,0.576388888888889,0.267441860465116,0.223300970873786,0.081325301204819,0.027329779337337,3.77976314968462,0.213333333333333,0.625364310676619,Atlapetes_latinuchus,Bird,Passeriformes,Emberizidae,Atlapetes,latinuchus,12,77,8.5,15.435,9.1325,8.4075,78.5,11.5,27.4025,2.685,1.695,31,50,1.1851624514898,-0.94186227630859,1.4047765185217,0.499395448361706
221,Aul_pra,Bellavista,3000,B_Dis,1,0.428571428571429,0.533333333333333,1,1,0.428571428571429,0,0,0.072289156626506,0.054982351344013,1,0.093333333333333,0.591504632220531,Aulacorhynchus_prasinus,Bird,Non-passeriformes,Ramphastidae,Aulacorhynchus,prasinus,16,130,24.675,75.6675,26.745,23.5525,115.225,-55.675,35.015,3.835,2.9225,171.67,4,-2.19267080760349,1.17232928142277,-6.21453971367067,3.86297849024588
222,Cat_ino,Bellavista,3000,B_Dis,1,0.333333333333333,0.8,1,1,0.333333333333333,0,0,0.051204819277108,0.015762434809683,1,0.04,0.5,Catamenia_inornata,Bird,Passeriformes,Emberizidae,Catamenia,inornata,25,67,16.5,13.36,8.12,5.47,45,-1.5,13.75,1.8,1.23,14.5,1,0.360910631234868,-0.390754860491048,-0.281470658611716,-1.17722003997159
223,Chl_rie,Bellavista,3000,B_Dis,2,1.55555555555556,0.466666666666667,0.990909090909091,0.954545454545455,0.62962962962963,0,0,0.067771084337349,0.051155740810913,1.5691925832142,0.133333333333333,0.742549621302493,Chlorornis_riefferii,Bird,Passeriformes,Thraupidae,Chlorornis,riefferii,42,111.25,18,19.6675,11.995,11.4275,85.375,-1,27.8425,3.1275,2.14,53,4,0.313966157184128,-0.350514188323095,-0.498234808539406,0.234761768550479
224,Con_alb,Bellavista,3000,B_Dis,1,0.111111111111111,0.866666666666667,1,1,0.111111111111111,0,0,0.067771084337349,0.023872679045093,1,0.12,0,Conirostrum_albifrons,Bird,Passeriformes,Thraupidae,Conirostrum,albifrons,55,68.6,20.65,14.03,6.68,4.6225,55.275,-0.125,17.575,1.4725,1.1275,14.9,1,0.874514143032567,0.173854554436556,0.687294876192903,-0.538324835907527
225,Cya_tur,Bellavista,3000,B_Dis,1,1,0.933333333333333,1,1,1,0,0,0,NA,1,0.013333333333333,1,Cyanolyca_turcosa,Bird,Passeriformes,Corvidae,Cyanolyca,turcosa,58,138.25,14.75,34.72,15.3675,12.725,146,38.5,39.2125,3.8425,2.5075,120,33,-0.347905408273335,-0.28736147241428,-1.94226926145751,0.974238367506092
226,Dig_alb,Bellavista,3000,B_Dis,1,0.6,0.6,1,1,0.6,0,0,0.05421686746988,0.035671819262782,1,0.066666666666667,0.753723087467605,Diglossa_albilatera,Bird,Passeriformes,Thraupidae,Diglossa,albilatera,68,56.25,8.875,13.38,4.88,5.45,44.125,5.375,19.075,1.6325,1.0275,9.85,18,1.52366612765872,-0.555902837206031,2.1352554674775,-0.170834680278741
227,Dig_cya,Bellavista,3000,B_Dis,3,2.14285714285714,0.4,0.931818181818182,0.909090909090909,0.828571428571429,0,0,0.072289156626506,0.027170267006575,2.87174588749259,0.146666666666667,0.801561160882876,Diglossa_cyanea,Bird,Passeriformes,Thraupidae,Diglossa,cyanea,72,77.75,13.5,17.315,7.1625,6.475,63.25,-3.625,21.9725,1.9925,1.13,17.05,16,1.09700039100358,-0.264829441317243,1.17540871954529,0.061744805129258
228,Hem_sup,Bellavista,3000,B_Dis,3,2.16666666666667,0.333333333333333,0.954545454545455,0.909090909090909,0.861111111111111,0,0,0.055722891566265,0.022782246723294,2.74945927399721,0.146666666666667,0.843041980557887,Hemispingus_superciliaris,Bird,Passeriformes,Thraupidae,Hemispingus,superciliaris,92,68.95,10.95,15.16,6.91,5.5225,59.25,0.7,19.735,1.845,1.115,14,15,1.25548085947551,-0.53195820662437,1.54173781667999,0.06630195386204
229,Pen_bar,Bellavista,3000,B_Dis,1,1,0.666666666666667,1,1,1,0,0,0,NA,1,0.026666666666667,1,Penelope_barbata,Bird,Non-passeriformes,Cracidae,Penelope,barbata,130,236.3,33,32.8,19.4,13.8,250,130.5,57.2,7,6.2,807.5,10,-6.01062795011609,0.064076486804007,-13.323000521406,-7.5194616154571
230,Tan_vas,Bellavista,3000,B_Dis,4,1.95833333333333,0.266666666666667,0.931818181818182,0.863636363636364,0.525,0.011627906976744,0.019417475728155,0.076807228915663,0.036368534482759,3.789291416276,0.24,0.522528475553905,Tangara_vassorii,Bird,Passeriformes,Thraupidae,Tangara,vassorii,190,74.875,17.125,12.8325,8.025,5.6575,50.375,1.375,17.1325,1.7625,1.0925,18,3,0.912894783103682,-0.29558114037746,0.801585848766379,-0.273355105662279
231,Thl_orn,Bellavista,3000,B_Dis,1,0.142857142857143,1,1,1,0.142857142857143,0,0,0.072289156626506,0.027170267006575,1,0.093333333333333,0.114378125419289,Thlypopsis_ornata,Bird,Passeriformes,Thraupidae,Thlypopsis,ornata,204,63.7,9.575,15.3225,6.815,4.7575,54.625,1.65,19.4325,1.7625,1.0975,11.68,1,1.33321058187265,-0.616730251624416,1.71096707860549,0.159626261037012
232,Thr_cya,Bellavista,3000,B_Dis,1,0.5,0.733333333333333,1,1,0.5,0,0,0.051204819277108,0.020210589350766,1,0.053333333333333,0.675846951213755,Thraupis_cyanocephala,Bird,Passeriformes,Thraupidae,Thraupis,cyanocephala,205,88.625,13.875,16.94,10.71,8.225,78.75,-4,23.3075,2.765,1.53,36,4,0.707822110728418,-0.644527577798958,0.367657668066709,0.302777208471372
233,Tur_fus,Bellavista,3000,B_Dis,7,4.01785714285714,0,0.9,0.727272727272727,0.678199404761905,0.308139534883721,0.441747572815534,0.094879518072289,0.060984791447071,5.36580616960265,0.405,0.601965168747742,Turdus_fuscater,Bird,Passeriformes,Turdidae,Turdus,fuscater,224,156.8,29.35,33.555,15.0775,10.41,139.975,12.00666667,44.1425,4.59,2.775,143,55,-1.07524682834613,0.77838744616958,-3.53656642315641,-0.149178872190777
